sample	weight	z_j54_r1_k1	z_j54_r1_k2	z_j54_r2_k1	z_j54_r2_k2	z_j54_r3_k1	z_j54_r3_k2	z_j196_r1_k1	z_j196_r1_k2	z_j196_r2_k1	z_j196_r2_k2	z_j196_r3_k1	z_j196_r3_k2	z_j219_r1_k1	z_j219_r1_k2	z_j219_r2_k1	z_j219_r2_k2	z_j219_r3_k1	z_j219_r3_k2	z_j258_r1_k1	z_j258_r1_k2	z_j258_r2_k1	z_j258_r2_k2	z_j258_r3_k1	z_j258_r3_k2	z_j261_r1_k1	z_j261_r1_k2	z_j261_r2_k1	z_j261_r2_k2	z_j261_r3_k1	z_j261_r3_k2	z_j308_r1_k1	z_j308_r1_k2	z_j308_r2_k1	z_j308_r2_k2	z_j308_r3_k1	z_j308_r3_k2	z_j339_r1_k1	z_j339_r1_k2	z_j339_r1_k3	z_j339_r2_k1	z_j339_r2_k2	z_j339_r2_k3	z_j339_r3_k1	z_j339_r3_k2	z_j339_r3_k3	z_j386_r1_k1	z_j457_r1_k1	z_j475_r1_k1	z_j475_r1_k2	z_j475_r1_k3	z_j477_r1_k1	z_j477_r1_k2	z_j477_r2_k1	z_j477_r2_k2	z_j481_r1_k1	z_j481_r1_k2	z_j481_r1_k3	z_j481_r1_k4	z_j481_r1_k5	z_j485_r1_k1	z_j485_r1_k2	z_j485_r2_k1	z_j485_r2_k2	z_j486_r1_k1	z_j486_r2_k1	z_j487_r1_k1	z_j487_r1_k2	z_j487_r1_k3	z_j487_r1_k4	z_j490_r1_k1	z_j490_r1_k2	z_j490_r2_k1	z_j490_r2_k2	z_j491_r1_k1	z_j491_r2_k1	z_j495_r1_k1	z_j495_r1_k2	z_j495_r1_k3	z_j495_r2_k1	z_j495_r2_k2	z_j495_r2_k3	z_j495_r3_k1	z_j495_r3_k2	z_j495_r3_k3	z_j495_r3_k4	z_j495_r4_k1	z_j495_r4_k2	z_j495_r4_k3	z_j496_r1_k1	z_j496_r2_k1	z_j496_r3_k1	z_j497_r1_k1	z_j497_r1_k2	z_j497_r1_k3	z_j497_r2_k1	z_j497_r2_k2	z_j497_r2_k3
1	0.015625	0.193068002	0.3676508831	1.334621276	-0.3338906915	-0.4035585877	0.3576630366	-0.7135586886	1.31334133	-1.118556643	1.169998683	-1.671413357	1.799969217	0.8284423622	-0.669440866	-1.470929894	-1.204457443	-0.6055837582	-0.1690246215	-0.6392158403	0.09980091454	1.962696039	0.1093430977	-1.19638722	0.9661712213	0.9666425264	-1.182674991	0.009352073193	-1.155205128	-0.1582958048	0.1717755145	-0.4299352801	2.855120436	1.395525067	2.506244061	3.898828903	-0.9637511086	0.3410172777	1.765167099	0.2237004322	1.32769864	-1.45753214	1.489869214	-0.5124800339	-1.038896554	1.817619585	0.1719337873	-0.2153145259	0.1749770281	1.823693338	-0.8930336511	2.83685395	-1.468794547	-1.137547443	-1.380361302	0.09331082201	-1.695076197	0.2044272727	1.547711217	2.500818423	-1.339803096	-0.6135063193	0.03403932754	-0.1202151843	0.9246020902	0.04234825137	-0.7116448276	1.956392785	3.710202847	-1.237409698	0.5477761299	-0.1186168417	-0.06378771995	-2.293163692	1.034702249	1.471593581	-1.887388058	0.6344858373	-0.4869091382	1.285765069	0.1403033344	-0.8833051422	-0.8196141771	1.291041165	1.277624787	0.6274472422	0.6291268178	-1.660867901	-0.3529128363	-0.2861388668	-2.027169455	-0.300130429	-2.462329639	-0.4647086997	-0.05805890888	1.225098233	-0.8251869495	-0.3414352027
2	0.015625	-1.322777157	0.1632609325	-0.7775888502	-0.04765227192	-0.05136102683	-0.3422366234	0.8299486268	0.7250165871	1.241119879	-0.1639596301	0.1531518833	-0.8484373165	0.3309203327	-1.824586839	-0.632605574	-2.124508277	-1.17403748	1.39814846	-0.6893866479	-0.0371129481	-2.574738439	-1.849509708	-0.4321685147	0.7512811521	1.667648674	0.6157046416	-0.1344563915	1.088217759	-2.133938618	-0.4542062517	1.394449563	0.6556382515	0.9305518123	-1.733833928	-2.394262983	0.1043293496	-0.6459145454	0.64436364	0.3129842415	-2.375701274	0.8065204517	-1.111876709	0.9316657801	-0.7018854457	0.581163764	1.246842868	-0.8011588765	-0.3998878297	1.409083332	-1.219396344	1.706069206	-3.70946604	0.5036883203	-2.090772957	-0.3328487294	1.857771778	0.1987497486	-1.186667478	-0.03616226093	-1.029616867	0.2973026692	0.9558727381	0.7410832644	0.7514390395	1.182484962	0.9150361961	0.5800155994	-0.7920213117	-1.110846535	-0.2479063221	0.1087546734	-1.596751277	-1.023878711	-0.797564919	-0.06252233702	1.203388519	-0.09073840055	0.9391692002	-0.9915661869	0.04224892507	-0.9453886345	0.8665522842	0.8886202843	-0.08145905331	-1.124557613	-1.306826522	0.4658311105	0.8259377576	0.4301761686	-0.8969889457	0.6379883085	0.1683721067	-1.967120918	-3.463127235	-0.3302374799	0.351250916	-0.5893177829
3	0.015625	1.762298141	0.07827779775	0.3889060456	-0.9057472137	-0.946914032	-0.4494155772	-0.3297551718	-0.5806714115	-0.04833236357	-0.4208357598	0.8676632533	-0.1763134777	-1.094166892	0.7234885143	-0.5904898717	-0.2370667753	0.9353184825	2.285516674	-1.99567801	-0.2386307237	-0.9994221177	-0.8329041013	-1.643168499	1.091489081	1.530748921	-2.361804152	-0.8062571793	0.7805719397	-0.9157603949	-1.245650024	-0.2683429579	0.002196450615	0.778011713	0.9220871527	0.7605210573	-1.39069376	0.7095765901	1.562911272	0.2528000006	-0.5109042228	-1.122990531	1.846089517	-1.067816074	1.778848932	0.1209115315	-0.1836735335	0.126558989	0.439468879	0.9546125863	1.759362365	0.1247810924	0.580750402	0.1524839194	-0.4599937596	-0.6819738127	-1.313083103	-0.04483800686	-0.6329112887	0.5945285752	-0.8448747178	0.7710214224	-0.454558238	0.4322546453	0.611453618	0.4859652628	0.2951526643	1.40641352	1.024444989	-2.087075545	0.4461918617	-1.05494231	-1.448239831	-1.19679002	-1.001349877	0.4217886839	-0.3465333522	1.350302681	0.4432294369	-1.647687122	0.168513674	1.069821625	0.6138471792	3.02760209	-0.4208924169	-0.1994178159	-1.192133607	0.498469626	1.496256347	-0.4301986469	-0.8977784107	-1.232927141	-1.750656992	-0.3505038228	-1.51705064	-1.389674499	1.077969579	0.1897367902
4	0.015625	-0.3282388878	1.555849568	0.2723022303	1.307786257	1.373922941	0.7753358289	-0.750635625	0.6463445077	1.18348477	-0.3737404862	1.285698685	-0.05791692998	-0.4947463819	-2.153962919	-1.910743552	2.241668362	-1.21383987	-1.083648782	-1.922292606	0.03226464011	-1.247614409	-0.1781716809	-0.8854114183	0.898720506	-0.6118714211	-0.3369865819	-0.1196675974	0.6070935646	1.516679959	0.07070397202	3.40453993	-1.391224265	0.7710681357	1.391375439	0.01501003469	0.6795481187	-0.7582136963	0.0497133861	-0.3249275394	-1.781133388	-0.8100096906	-0.00789821344	-0.7379723987	-0.1906716836	0.1073386489	-1.41725121	-0.8732021667	0.08009047925	0.5173499463	0.5558667567	-0.8758151953	-1.09845169	1.472575236	0.9775088578	-0.3556125348	1.032367388	-2.271125615	0.9200094199	-0.8457973192	-0.5279233451	0.3610635759	-2.710476826	2.594927338	1.461152319	-0.2694615497	-0.7487962376	-0.1974026952	0.5328443318	-0.5176395494	0.3302379582	1.966275584	-0.834357588	0.1872499146	-1.281044017	1.017519102	2.805884079	0.4052744471	0.2577204907	-0.8500445209	0.05396212187	1.216106166	-1.507944578	-0.5559851093	1.013436776	-0.3085102711	-1.70802782	2.615624578	0.7975642111	1.787493199	0.6167056632	-1.780782044	1.709811453	-0.9548642385	-0.1701143907	-1.930848286	-1.276019901	1.102830582
5	0.015625	-0.2734049339	-0.4315828502	-1.874104017	-0.233883261	-0.9261687755	1.525371748	2.551512473	1.900522243	-0.110876048	-0.9056220794	1.288961339	0.3444180979	0.755711738	1.069840762	0.9160936322	0.672182096	1.055024508	0.4949610946	1.351813	-1.522383807	0.9577673601	0.08172872524	-0.9067142707	-1.443881253	0.07014914257	-1.88389054	-1.731181091	-0.4616656496	-0.2059371929	-1.005871953	-0.02319836164	0.2019717284	1.32464273	-1.822187069	-1.211875031	1.462796562	0.3864533309	1.017191056	-0.3093887169	-2.358695319	-1.234452765	-1.132736169	-2.9253287	-1.020537628	-0.9172428638	1.376678406	1.196515243	-0.3147266942	0.2651376428	0.53585689	0.565574026	0.1534495179	0.1874848639	-0.4314793341	-0.8851361764	-0.8862074144	-2.047103987	-0.525620247	1.997803077	-0.4297016354	0.8762746382	0.2407672364	-1.211146894	0.6643918925	0.8846815875	1.453490033	1.757576257	-0.7655481973	-1.097705228	2.175728968	-0.06661535401	1.27255425	-0.04604919237	0.6712211107	1.190852175	-1.088844244	0.6738834073	2.969799596	-0.6488412579	-1.650627498	-0.8422608404	-0.5251161854	0.1848735551	0.7443189437	2.138234233	-0.7286233896	0.7132840235	2.216179435	0.6139181771	1.340952634	-0.4519949282	0.5217907562	-0.435674382	-0.530732915	1.169246029	-1.38939337	-0.1300474667
6	0.015625	2.213381851	-0.2146408998	-0.2091383367	0.75997869	0.6227345887	0.2548611632	0.8095845344	1.093507253	0.07273566558	0.5346835136	1.060165035	-0.1671296974	0.3215717555	-0.3043536872	2.829660054	-0.9865233979	0.5829963101	-0.1914308627	-0.05160082175	-0.6681572708	-0.1494998794	0.5183437412	0.02327487349	1.625620772	-0.156004505	-1.613468502	-1.973309395	0.2108941368	1.678610761	0.8930075038	-2.146039501	-0.1556790826	-0.3077108299	0.2303540607	-2.176379117	0.9642536743	-2.153773419	-1.31407334	-2.072884785	-1.821290597	-1.180631912	0.1495513321	-1.394337287	0.01130422228	0.6410969542	0.3260585741	-0.207405936	-3.647876012	-1.505645592	0.7753388941	-0.4345573967	-0.05288171666	-0.3232386634	0.2048752766	-0.2883553755	-0.3445370489	-0.08662392804	0.981542998	0.7249236342	-0.2916264818	0.5214775573	0.5398729785	1.000373631	0.8416612487	1.090368192	0.3443206651	1.980319129	-1.691782717	-1.251870034	0.8773977507	-1.549285147	-0.08054416529	-0.1790191655	0.2560620436	-0.4988811426	1.106125781	0.9545419373	1.68732743	-1.488515108	0.4803958093	-1.111888513	-0.1479345876	-1.773148539	-0.2255224835	1.74014997	0.751926467	1.521657066	-0.1685552298	-0.5000939122	0.165732992	1.637872921	1.677625934	0.3847820026	1.467772676	-0.80988179	0.4481537127	0.6553252504
7	0.015625	-1.539066042	-0.9260898621	-3.548230198	-0.1425228858	1.87413699	-0.2372166166	-1.34665378	-1.39127484	0.4703294152	1.536104073	0.1897121508	1.720321021	-1.050965447	-1.714864435	-0.6961626658	-0.08787272297	1.228618307	-0.03494048709	-0.3237686701	1.091747715	-1.170723492	0.4639665209	1.863589153	0.9676849115	0.4525562712	-1.331334452	2.26502997	0.7808442216	2.191957954	3.367658155	0.9197274819	0.537746483	-1.633800055	-0.0009309797199	-0.07253288552	-2.051571541	-0.7141326222	0.6135288143	-0.7427036508	-1.861028552	-0.2983261052	1.818003404	-0.774418254	-0.5948825123	-0.488050211	-1.125408192	-2.828269151	-1.698096621	-0.2746032302	-1.184577392	0.01606709763	-0.8235725063	-0.9921064857	-1.916220581	-1.333255748	0.2321577979	-3.411683471	-1.353613186	0.6070589556	-1.195950092	0.8700258203	-0.7838864513	-0.3704140112	0.9266555902	0.004752379875	-1.744152915	2.560631112	-0.4748162262	-0.3967568501	-0.1438648187	-0.0004824416146	0.9116346353	0.9546062443	-3.225907497	1.086909896	-0.1807853526	1.479307119	1.558240437	1.516729204	-0.3171523074	-0.3122367424	-0.05891302704	2.854243556	-0.5781902166	0.04958031604	0.3579076109	-0.6282968764	0.03766121935	-1.274903848	0.2798535503	1.647912131	1.091023584	-1.280389718	-1.361910599	-1.092209749	0.5760713305	-0.4006108471
8	0.015625	-1.553829103	-0.3707218846	-1.549326549	-0.3381786033	0.8766846097	1.526094755	0.29955131	-0.5418838067	0.5363811968	-0.9585262112	0.7802321065	0.4528166571	-0.3222846057	-0.9886358622	0.9200454074	0.03533870099	0.303105123	1.942628263	0.1557300762	-0.8574518242	-0.9167895201	2.275295408	-0.9376597	-0.653001536	-1.207382601	-0.6278937242	-0.7747520763	-1.232513863	-0.6107715729	-0.09356696251	-0.09370863049	-0.1490018852	-1.298736949	1.343463457	1.488344819	0.9528365679	-1.463000169	0.1332402705	-0.9215758372	0.0766496173	1.60075287	1.495605738	-2.043833467	-0.2938262037	1.099072646	1.517754993	0.9185145907	-0.2723933314	0.0147911217	1.976249935	1.12912264	0.8969183341	2.049436911	0.2539289792	-0.5959051243	1.579322015	-1.570413325	0.2973753306	-0.1388541652	0.6387220712	-0.2255977736	-0.01115131743	1.406677995	1.615034527	0.6657689953	2.6157699	0.3482459326	1.753646951	3.362867311	1.574929104	-0.2900147763	1.007867581	-0.9203006905	-0.4897927762	2.585225327	-0.6947777231	0.3133336569	1.518466967	-0.8001302243	-0.8328654322	-1.13598275	-1.365974909	-0.326421167	1.89512714	-0.5321884818	1.07727302	1.15016622	1.570152064	1.335086022	0.5495949897	-1.548639446	1.124378145	-1.394995177	0.2427641955	-0.4181147539	-1.585081066	0.4961393555
9	0.015625	-0.331663312	-0.617371299	1.143707519	-0.1757508686	0.6991752884	-0.1472712219	-0.1071131976	0.8386567044	-0.3369548094	0.8015495537	0.2934153967	-1.309775079	0.4103402795	1.56525948	0.5823762329	-0.5841451655	-1.828876999	1.836539685	0.4790026231	-1.327693864	2.932145295	-1.06536702	-0.3918623557	-1.435333812	-1.429931203	5.055556818	1.22647416	0.7506281485	0.2192563637	-0.978817544	3.440602506	1.565685724	-0.3969957811	-0.0493348242	2.711994401	-0.3512707177	-1.273616069	1.123378863	0.01940562608	0.8968726956	0.1455785286	1.469328846	1.136130417	0.7488074697	2.050129229	0.6028064677	0.3282137696	-0.7439796237	-1.17840537	-0.157787052	2.856886571	-1.654689535	2.319709726	-1.61279729	-0.4473977181	0.8803047595	-0.8643750836	0.4899523321	2.520667866	0.4074084298	2.405533361	-1.113174382	0.1563304954	0.8856886802	-0.2417003634	-1.752566541	-2.351011989	-0.3525350133	0.5826835693	-0.7298779387	1.222500176	-0.3990237031	1.646427322	0.04342640661	0.5122856704	0.902069859	-1.566385895	-1.100020759	-1.135931914	0.7810356446	-1.003434728	-0.4076803341	1.57168484	-0.251020683	0.6039682135	-2.665242736	-0.1922618824	-0.5081216558	0.8223041098	1.387121357	0.4172903941	1.237389024	-0.3549378019	-0.5456596499	-2.185164483	0.09453550479	-0.2559730566
10	0.015625	-0.3150797846	0.3625874623	0.6615670884	-0.1135134564	0.5216411093	0.5910205284	1.484429527	0.6233020502	0.1213154885	-0.07695107187	-0.8376005557	0.6740293059	0.3565329946	-0.005093531368	0.4893379824	0.7429857852	-1.931378297	0.1980711494	-0.01655505068	-0.6690991801	0.4445552681	0.6818397646	0.01468477401	0.1677143354	0.4538567629	-0.4455734503	0.3152772318	0.6790518467	0.7709137112	0.666131154	0.1424568622	0.02480881761	-1.491955401	-0.106351893	-0.5281802737	-0.05954350235	-0.1791841413	0.5596396228	-0.1076496611	0.1328806451	0.06631501477	0.8154706524	-0.8643298107	-0.5949735251	-0.5297960735	-0.177523818	-0.5421923563	-0.140098301	0.3443064163	1.299411483	0.5814608632	0.9930744527	1.539200944	-0.9637590119	-0.2318181522	0.5122879478	-1.721669006	0.3988123442	1.244376022	-0.4616060072	-0.1929812041	0.2023769434	-0.1061411002	0.4399396689	1.35354579	0.5047485936	0.6511389946	0.2137337044	-0.0216906957	0.9836171698	0.5730178347	0.2915759342	-0.004569285452	-0.01647923145	0.5423241615	-0.2070407813	0.7736087429	-0.180163961	-1.21333488	-0.9657848175	-1.025248044	0.143987705	-0.239813182	1.408839116	0.5069129741	-0.7900814471	0.6786299282	0.343054486	0.3058487206	-0.8775126958	-0.04062946028	0.007484989307	0.4642729434	-0.3930937483	-0.3414663287	0.4396365993	0.1788671378
11	0.015625	-0.2197489659	-1.860196295	-0.9086634385	2.793717858	-0.4853761981	-0.4761985243	0.741907264	-0.3036705708	2.578436829	-0.1212671554	-0.7121924176	0.423428276	2.667802473	-0.6129679639	0.5244734886	-0.3958067051	0.77756071	2.797993539	-1.163766377	0.5951796921	0.08725361956	1.716944463	-3.313819723	-1.111165167	2.509424754	-1.322632275	0.6021608888	-0.9908767927	0.4241048735	0.9474033352	1.647772841	0.8146149186	0.8419330273	0.730265419	1.172107852	-0.8624262237	-2.207764168	1.856903836	1.231164234	-0.4190629579	-0.697022093	-0.9706811999	0.1631915711	-1.994762148	-0.9814273169	0.3115666873	1.563111263	0.1006995255	0.7676318118	1.123185767	-0.3926515877	1.965898359	2.406571445	0.4719878132	0.3373968678	0.6446636836	-0.4445314012	2.349467744	-2.379276795	2.713136643	-0.1536635738	-0.7971156275	1.278179998	-0.4612533051	2.319111212	0.575708478	0.6553442252	-1.388013591	0.5396300013	1.170255809	-0.7504041177	0.3122038779	-1.615175474	0.6926969957	1.163692676	0.545344231	-0.2495947915	-3.00726598	-0.2018809639	-1.727391506	0.7563552899	-1.656699214	0.09434218744	-0.1213081942	0.5087996633	1.985512785	-0.6864707179	0.5040700866	0.1929275029	0.5417971017	1.997093763	-1.023486584	-0.5940915507	-0.9470513838	1.177136117	-0.7400460997	0.847685583
12	0.015625	-1.218670993	0.7103630428	2.401079329	0.3996979615	-0.1372163113	-0.8000421029	1.126275602	-0.8476103885	0.5887358777	0.6250550659	0.3224768127	0.6742373073	1.245357552	-1.688374205	0.2418472004	-0.9701452361	0.4523331347	0.318412463	0.4449222657	1.548879391	0.3414427677	1.571057115	0.3632059614	-0.6705250119	0.8782647355	0.4848757711	2.825296973	-1.018259499	-1.714399088	1.133089409	-0.05760792325	1.902146705	-0.2948033446	-0.09601460893	0.8998498809	-0.8304212688	-1.465377311	1.521051603	0.1547142084	-0.1141119849	-0.2581267711	0.0240030903	0.1923497673	-0.08886328114	0.4997537685	-0.1336547895	-0.3139894498	0.1032153664	-0.4465052108	0.4361550576	0.8876004721	-1.378282082	1.655012596	0.1923189448	-1.141554335	-0.5306275867	-2.087424347	0.361172917	-0.5694663143	-0.6021673817	0.441300519	0.1260538354	0.2490690559	1.246558468	-0.5678089674	-0.3850027831	0.2479908062	-1.114499433	-0.3664682412	1.675522131	0.3878060702	-0.2330976362	-1.365574164	-1.325825135	-1.0421604	0.8220359006	-0.5854065281	-2.847178095	-0.3856593808	1.033280107	0.1840562756	3.004700005	-1.640844472	0.2854694838	-1.026558649	-1.809065644	0.8831857854	-0.986713148	0.8008592861	0.2997365706	2.592863408	0.8891569754	-0.7073043784	0.5027546319	0.3488306678	0.5150277348	-0.5738366653
13	0.015625	1.50279559	-0.5424189634	0.1562604454	0.4870242021	0.5630830612	0.9822431458	-0.7511394302	-1.742901639	-0.4771047208	0.3190559198	0.380690147	1.59562714	-1.204857915	-1.332424375	1.758140312	-0.4219535653	1.898292628	0.7599190898	0.0852926125	1.034660384	0.1013842924	-0.07205207922	-0.6240678396	-0.9490056443	-0.5562130151	-2.159659447	1.494542279	0.7441158862	-2.074612112	0.7940852429	1.618973683	0.3115630554	2.431309819	-1.343489636	-0.1297523527	0.910999044	-1.775673967	0.2976413181	-0.748495071	0.7111372272	-0.6829535539	0.08448780661	-0.8793393677	-0.308418931	-1.344707403	0.5087758537	-0.4491142509	0.2148493806	0.3751101325	1.482667001	-1.451711631	-1.03087312	0.4201876088	-0.3352904242	0.606129709	-0.2505338843	-0.1106815552	0.6775897784	4.215283237	0.01686738368	-0.07567735291	-0.5252975948	0.4112751943	-0.05752685114	0.9369532445	0.5075764884	-1.01215328	2.577322488	-0.09678349226	1.329071268	2.147705545	-0.1856922142	-2.03144871	1.238070088	0.121049693	-0.2830084673	0.7705278287	-0.6908103983	0.8079965403	-1.198366987	-2.655743082	0.3048569944	1.583840532	0.4741126663	1.497736858	-0.8315189673	1.554294723	-0.6815012024	-0.1321453821	-1.183779664	-0.5967636272	0.22552536	-1.159132476	0.9835432361	-0.1918326415	0.4566504538	0.1109215368
14	0.015625	-0.8850635297	-0.9087371755	-0.01727804048	-1.000560042	-0.19189621	0.9212690749	-0.7481360635	-1.530454644	0.4107351064	1.434605311	-1.491866313	0.7196267548	1.02391919	1.188148565	1.69384758	0.6057090519	-1.781570731	-0.6719791793	1.577039586	1.771692196	1.930292222	-0.3068289931	1.125402974	-0.9551032873	-0.2794448801	1.626481852	2.177938548	0.8389077665	0.653302983	-0.1617799476	-0.269036884	-0.2420042223	0.5276656277	0.7393089628	-2.536531473	-1.011917891	-1.454651751	0.8451119367	-0.1147378735	-0.9219096322	-0.4351280804	1.412688942	-1.82160814	-0.1255992823	1.145264958	-0.8049912015	-1.058334544	-1.113342472	-0.2226147594	-2.149303704	1.529147262	-0.1210788525	1.374500947	0.2732658977	-0.7736961696	-0.9432490985	-1.020026063	-0.6591211229	0.6470481216	-1.3070743	-0.8062648198	0.0612388339	0.2415539478	0.5368693684	1.625374587	0.8954791869	1.575021027	0.8229882427	-1.098560099	1.979721249	1.421380055	-1.313503549	-1.221029974	-1.141999083	-0.5838069203	-0.4929708231	-0.1025640341	1.063570095	1.484571947	-2.331283344	-0.0740781911	0.2366423912	1.303608318	-0.3204627839	2.501241082	-2.350667797	-0.1325305067	1.697602843	0.868446775	-1.629268347	1.174939453	-1.211183492	-0.1515876395	-0.3800559846	-0.1997972632	2.264038192	0.7012037505
15	0.015625	-0.674655283	1.590600481	-0.5242379766	0.1068000298	0.3848009721	0.6238703969	1.393088111	0.3371348781	0.6611762961	1.141774798	0.2415253723	1.295036951	1.118383579	-0.260208369	0.5404759363	-0.2057914757	-0.4200394729	-0.416256978	-2.227085678	1.039997308	-0.9948671574	0.7638978189	-3.281280925	0.9032714745	-0.3595803017	-0.2450487472	1.747320711	0.08869750155	0.5420350813	0.8133170078	1.601338387	-0.364436038	0.7317317438	-1.566358427	-0.5223892498	-0.6598540242	-3.535463592	-0.3727374011	-0.8864209629	0.4735583057	1.727525267	-1.295480765	-0.02678537741	-0.8085616857	0.2971301101	0.1915268643	-0.1013322136	-0.8866669363	-0.6179564584	0.5038540372	0.08993588935	-1.086211303	-0.8518596899	-0.8461360924	1.017099794	2.241110731	0.07763644812	0.5810111149	0.1148066415	0.5298678483	1.862303198	-0.1904745504	0.6710033752	0.8595309582	1.228911211	-0.7288608602	-0.3433427108	-0.4285741517	1.834290737	-0.02882934354	-0.0006103911373	1.419762263	0.2214459288	1.638721236	-0.2334532609	0.8500886568	1.472024117	-0.1464012596	0.7019931753	-0.6375067581	0.06586283544	-0.2654892992	-0.17068345	-0.2577693332	-0.1231102127	0.805192306	1.837772651	0.2915390273	0.8002088946	1.300171614	-0.1069555987	2.182876412	-0.2764029098	-1.503032598	0.6517834036	-0.4895692769	-0.2584702864
16	0.015625	-0.4470641463	1.568608343	1.22330069	0.4679313775	1.051769289	-0.4869076965	1.182818665	-0.4397554808	1.279305366	-1.166829455	0.7025247195	-0.926809791	-0.1338536527	-0.9179338782	0.3043640733	1.164336017	0.5719282092	0.003262823762	0.7199694351	-1.899073402	-0.7042424728	0.8678184441	-0.4848294826	2.150627265	-0.6599818516	-0.9697252555	-2.551297949	0.8895149263	-0.434777705	-1.749346207	-0.8717761191	-0.696376472	-1.140886423	-0.4843357325	-0.2124014572	0.4935004766	-0.0625486905	0.3593639048	0.3989503365	-0.4893092947	2.157765332	-1.276365566	0.1713122163	2.391253421	-0.1214299045	-1.213069761	-1.626407115	-0.5669087647	-0.4778428492	0.3137822684	-1.468353377	-1.65272424	0.9126448592	-0.05719496584	-1.2222299	-2.084668112	0.7949844438	-1.384793321	0.3923499705	0.01915411396	0.2412630377	-0.9693367457	-0.6804970801	0.46473275	0.2213509776	1.475747902	1.3730033	0.5099118242	1.111009903	0.8623098562	-2.288899291	-1.027375341	0.6854249664	-2.172035186	1.209545222	-0.264124209	2.094001719	1.27024117	-1.793328976	0.3345303201	-0.4712503294	0.3857275139	-0.2739965307	1.407423843	0.8634336975	0.2423138021	-0.3174371541	0.1366450244	-2.100025027	-0.8575662662	2.741283529	1.970588218	0.7560542999	-1.54810204	-0.2233181218	0.1831938923	0.3908561635
17	0.015625	3.26658553	0.6145906312	2.00164441	1.630058025	0.9118456851	-0.2642301967	-0.4955449046	1.25487543	1.073822493	-0.4669495957	-0.2584215024	2.160369655	0.5838246297	-0.6593331373	2.0611113	0.3369792596	-0.3016279229	0.7578175483	1.777315246	1.638147143	1.257095214	-0.2305056173	0.08163452732	2.538374053	0.5477872423	-0.1962714125	-1.48129748	0.3631883119	-0.7234312981	0.4694589722	-0.5460793398	0.215489354	-1.943217095	1.826609567	-0.3856802624	-0.4071898018	0.1582582595	-0.01555674349	-0.8417403727	0.5465864508	0.3216312689	0.225907256	-0.6649884229	-0.009830464872	0.3263181393	-0.5214768195	0.1623547933	-0.3058173305	-0.01205356452	1.100460559	0.9861928349	-1.789122058	1.033390878	1.398251371	-0.7662505838	-0.8465317477	-1.034610307	0.5070613707	0.04478355644	0.5278768225	0.2877990914	0.9411760174	0.1963657005	2.072268303	-1.454044143	0.4405441781	1.46679043	0.09262623561	0.7291733372	2.058920789	-0.4907517009	1.391095193	-3.205402233	0.5356090759	0.7798983428	0.920212683	-0.9211277084	0.9301209334	0.1758110729	0.2051173237	-1.888440368	-1.017397374	-2.109594687	0.6598997292	1.209761419	-1.894940453	-0.0779690164	-2.041065243	-1.164300082	0.6743794431	-0.9706575373	-0.4642533384	0.07397040311	0.7249199046	1.757146889	2.597232076	-1.864623348
18	0.015625	-1.648378299	-0.2828652428	1.910020959	-1.078619352	-0.2633498316	0.5839159312	-2.715986878	-0.6012331426	1.293650739	-1.468535994	1.449104471	0.7192232135	-1.199923077	0.659115972	-0.2984420656	0.2064591756	0.05170055024	-0.4311101472	1.605063119	0.8752070661	-0.7246213076	1.249839772	0.3816403057	-0.6749812468	-1.998876456	1.146133811	-0.02025944924	-0.003799767998	-0.6620527164	0.02121385665	0.7006002343	-0.1483626279	0.4911695341	-1.47904189	1.381901849	0.346496961	-0.8644639816	1.345146664	0.2605312614	-0.3972867167	-0.08013321142	0.1619125731	-1.478914397	-0.0571760443	-1.000024037	0.4718719848	0.9483134832	-0.5571579158	-0.3033923593	-0.5506586919	0.8193753754	0.6409202346	1.531716316	0.5192333175	-0.7086549608	-0.874625449	1.593147168	-0.5780687135	-1.755449957	-0.4038510806	-1.156383304	2.328464262	1.486796033	0.7241914053	1.087547493	1.736052443	1.321301407	-0.2850068465	1.311385658	0.7922732722	0.6282869087	1.389155756	1.800887353	-0.3702978108	1.012353326	-1.80189152	-1.285400258	-1.055649874	0.1683260201	1.331883222	-0.2160695622	-1.209682726	-0.007764026291	-0.1104278262	-1.262411103	0.1431210055	-1.453365113	1.183462066	0.7798019274	-0.8071338452	0.07664429234	1.616550684	-2.047079705	-0.3320611207	-0.9901416141	-0.4033196145	1.348940513
19	0.015625	-1.491078283	0.8909604386	0.6872888764	0.5786050254	0.6405646846	0.2078389424	-0.3500644964	0.4464351717	0.4240468882	-0.2580960401	0.7717157997	-0.1287870801	-0.1081695689	-0.7632422594	-0.4224567712	-0.8222558056	2.702706072	0.03492152416	-0.3350663407	1.266349095	-1.186083146	-1.465849121	-0.2350670274	1.451225229	0.924659378	-0.310331719	0.2738612843	-1.222941548	-1.126021314	-1.219920728	2.871874753	0.4522518493	0.03852179412	-1.671612899	-1.89768408	0.9007423622	-0.5054057181	0.7962540298	-0.06826020727	-1.235761499	-0.1411797122	1.016177688	-0.9822263493	0.3247003122	-0.3782026045	-0.4794611957	-0.2900568857	-0.2319327476	0.4509149728	-0.2230648084	-1.052864739	-1.523537659	-0.2868980053	0.1418954505	0.414068476	1.458601375	2.199513203	0.04193836176	0.3315094598	-0.4770676369	0.4823140467	-1.342208125	-0.7493735203	1.897717479	-0.8660161754	0.4710587005	-0.50152798	-0.4453826807	0.8733474417	3.96615304	1.316484458	-0.3434483686	-0.3300904141	-2.034476353	0.1732096362	0.3406954626	0.9610059404	0.843227686	0.134764117	-2.652950475	-0.214416867	0.6564572341	-0.3496069533	0.9667360428	-1.320461668	0.9046764462	1.980853034	-0.7191228958	0.9979492312	-0.06796971647	-0.09689597977	-1.227585568	0.4242518678	-0.09082935744	-1.331567744	1.663324548	0.8951157066
20	0.015625	-1.878566427	0.353794566	-0.1093996055	0.06039575829	-0.4450215154	-0.03690476465	-0.4226358691	1.72364289	-0.5270252998	-0.786701149	-0.8139375259	2.228739411	1.505799079	-0.6904332326	1.577282805	1.564499	-1.991151679	-0.07336332171	1.375836196	0.5892648439	-0.4537758476	-0.8716750417	-0.8169523787	0.8164580611	0.7742073264	-1.164714087	1.558691384	-0.3613134323	0.5294430744	0.2837753756	1.601304732	-1.019852444	0.3465712999	-1.277911392	-1.533058494	-0.809555608	1.530169491	0.3465958651	0.8258591543	-0.9970526719	-0.1619047669	-2.677894907	-1.614618392	1.915737033	0.3981310175	-0.00122787925	1.845076361	-0.0775203003	0.5843327647	0.9323503822	-0.3590959509	-0.8604758012	0.318501404	0.3198581172	-1.304895654	0.24720272	-0.3154926445	-0.7759167359	-0.9689152258	-0.7672532332	0.3843296221	0.7132802003	0.2376320903	0.1547984451	1.012398477	0.7025207965	-0.1694241875	-1.332529862	1.263360011	-0.1069217956	-1.08832989	0.6718275499	1.069752506	1.157834803	-0.4932713973	-0.9034442093	0.2404635832	-0.2278107315	-2.729442358	0.05747067193	-1.084470051	0.2842089573	0.6810292882	-2.581507733	-1.311141365	0.8393878104	2.213864374	-0.7132365417	-1.868123437	-0.8837576983	0.6509534312	0.1850344276	-2.088101924	-3.289261971	2.492547502	-2.290257994	-1.383073381
21	0.015625	-2.653703122	0.1573581086	0.08278278902	-1.059292045	-0.3414812898	1.477368039	0.881006961	-0.5194081073	0.9268609525	0.4317655784	-0.3859220012	-0.5870330976	0.2146194828	-1.2002103	-0.5928225565	-0.2304319813	0.05908253611	1.370651442	0.1283277308	-1.456605097	-0.5317726878	0.7163981873	-0.5666857989	-1.607661604	0.2398328267	-1.036518368	1.313232857	-0.4654835937	0.6017917878	0.3588201043	0.8579099386	0.9165075688	1.415048303	-0.8839432507	-0.3339097235	0.6421755345	1.311177749	2.363998644	1.820570876	-1.485121596	1.687364871	1.312384427	-0.4359127432	0.3595163258	0.8551813446	-0.161107744	-0.9222924067	0.3768074457	1.347326141	-1.17270978	-1.011219689	-0.7546634766	1.587580147	0.3546625285	-0.4406617986	1.304107664	-0.2128275707	0.3298116426	1.801560766	-1.177428604	1.032496591	-0.8118318062	0.06828098013	0.448477237	0.6793808832	1.669290324	0.1042624965	0.8036933887	-0.6271097673	-0.4861987109	-0.4837840297	-0.8525865791	-1.290059222	-0.2530383055	1.176043193	-0.3181083148	1.879908212	-0.2640931522	-0.6062799394	0.6434795029	-0.497650036	-0.6589201182	0.2907807037	0.8586740065	1.869553651	0.8332364362	-0.6759052535	0.6925988378	0.5090557573	-0.3530419346	0.2818585639	-1.092665283	-0.4648187038	-1.019757809	0.1769494633	-0.8212524645	1.118067217
22	0.015625	-0.9592395888	1.32565568	0.2554814712	1.411128558	-0.6053214044	-0.8256722485	1.238871406	0.5987108237	0.385967874	-0.9721764244	-0.03255723272	1.12961846	3.303763308	-0.1764712195	-0.6102159055	0.2504043775	-2.790546761	-0.3830548723	0.3866415315	0.5930621785	-0.4963200278	0.3685363606	-0.4192644179	1.60091957	-0.449828973	-3.148535952	1.795717764	-1.120251061	0.4563811611	0.1954819738	0.5050050225	1.481065967	-1.487651715	-0.7855853111	-0.01202939694	0.6318847966	-1.01941761	-0.2547664614	-0.271363029	-2.817567195	1.602134859	-0.6011500983	-1.07896372	0.2199267744	-0.08559124847	-0.4614513103	1.978287902	-0.428564805	1.08241524	0.32101498	1.449748069	0.38343005	1.492957052	-0.6961249687	-0.9443309092	-1.007358082	-1.150014795	1.685958409	0.7606308815	-0.02337414867	0.4938036363	-1.13385427	1.1098774	0.802390055	1.274732597	1.548039509	-0.8784843369	1.254890404	-1.187618588	1.647283896	0.1544261882	1.729263333	-1.92072522	-1.310696461	0.09753543078	-0.6600984784	-0.02203271493	-0.268013976	-3.142040098	-1.02533297	-0.7004733885	0.5573332796	-2.075521428	-1.748286666	0.118310665	-1.072295391	0.3686160644	0.40504845	2.651758398	2.181970399	0.675091738	-0.4393699766	2.726075147	-1.471140175	0.001284652875	1.109084242	-0.4709180428
23	0.015625	-1.004239691	-0.1500950653	-0.02365523778	-0.7929316339	1.889895862	-0.4349497764	0.379149606	-0.2556982146	-0.1812595843	1.831400409	-0.1006762691	-0.2880199102	-0.9096264978	0.1250217541	2.77768915	-0.5022050729	1.637898409	-0.4006821765	-0.5783730131	0.6372426075	-0.7331040892	0.2631317094	-0.6308450076	2.072767502	0.7574611842	-0.5254159555	0.2706898136	-1.6880565	2.212475213	1.836734019	-0.4372774055	0.5785781039	1.226435906	-0.9109752944	-0.6569706748	0.6215249211	-0.9907050096	0.5882010056	-0.3371052278	-0.5153077739	-1.319695223	1.65682309	-0.8638183839	0.4291705945	-0.7597010938	0.190525558	-2.261038382	-1.385875191	-1.749472274	0.02612505252	-0.408991432	-0.2182751214	-0.5507635174	-0.1848874783	0.6426423392	-1.695004692	0.9298314205	0.9706415125	-0.8732598264	-0.9735162418	1.066663196	-0.9320381581	-1.350154835	1.056486431	1.381631909	0.2114569671	1.789986869	1.300287634	-1.634093255	-0.3007620033	-0.2517338977	0.641623826	0.4949552201	-0.887568782	0.4043637597	-0.6764300764	0.5083608191	-0.6451986743	0.4258124571	-2.177662936	-1.681286766	0.6684871953	0.6665307625	-0.2186473218	0.3616099984	0.0008708466794	-0.02149757708	0.5216869568	0.1827948901	1.102816482	1.303781533	0.3422007514	2.325908034	0.3373338128	0.6779680839	1.469906842	2.2813414
24	0.015625	-1.794302796	-0.7885921562	-1.564127686	0.6802052998	0.1894846871	0.4214025178	-0.5958922291	-0.7757295796	1.520698967	0.2547559617	-0.07960464258	-0.7487953216	1.613983625	-0.4135795673	-0.0113745495	-0.8775892136	-0.5181384892	1.143939701	-0.4977703605	-1.206812438	0.4105314051	-1.887180542	-0.05681130443	-1.39038745	-0.4763871063	0.176213322	1.193997053	0.183752545	-0.4822923739	-0.8576385895	1.061032544	0.5763749991	0.5503738577	-0.76263689	-1.431085095	1.371730601	-2.393362635	0.4194264017	-0.3477575423	1.836201799	-1.759885016	-1.10613755	-1.199764724	-1.406694409	1.153531067	-0.2225510918	0.2207677322	-0.6435410351	2.369307369	-1.299879076	-0.2290940912	0.3201016937	-1.985194409	-0.5160338579	0.1278113773	1.480691523	0.1956368725	0.6163279559	1.480340797	-0.0347967211	0.180487083	0.1350561277	0.2089919148	0.06321272901	1.6256432	-0.7505599821	-1.133974712	1.82492774	0.398932066	1.45651083	-1.066795463	-1.902432845	0.01149768991	-0.4498340736	-1.189052333	1.100231281	0.8392823485	-0.2928807685	-1.240113527	0.07081040165	-2.588146814	0.6750892079	-1.248616838	2.42028387	1.783090609	0.8850165719	0.4528599185	-3.037549686	0.7986781257	-1.081947587	0.2444399832	1.556852491	1.08646753	-0.8214460128	2.267417836	-0.09068684691	-1.992234901
25	0.015625	-0.6796125001	0.3244006257	-0.2084649621	-0.1173253544	-0.6494484584	2.908236399	0.450532364	0.3436731976	-0.5253108876	0.3598633849	-0.1478974908	0.9482614709	0.4262743346	0.01158337111	0.7467353888	1.201827026	0.1637384674	-1.369448126	-0.8771402824	-0.1491013599	0.3815522293	0.0204829019	1.910296997	-0.5092993407	-1.230112694	-1.695134504	0.1293509214	-0.7098567438	1.373060323	-0.7965219929	-0.7902133319	0.4242401631	0.7519645112	1.72178232	-2.338209895	-1.54296572	0.9182112415	1.192689509	0.7047026646	-0.4346324335	0.09624618853	1.412384471	-1.640142449	0.9870643685	-0.9659479794	-0.9516057578	-1.733336764	0.4481438283	1.464159817	0.4421063497	0.4916595647	-0.9674469505	-1.123704724	-1.973549069	0.7615282496	1.229504278	-2.353936412	-0.6815805217	2.880017358	-0.7197660252	0.04837755678	0.04406666113	-0.5108190673	3.675987394	-0.7553983203	-4.04525152	-0.2872346865	-0.8712885258	-0.2937412295	3.245079025	0.01956307297	-0.5186124336	-1.52822216	-1.331358756	-0.3045146383	0.5765205828	2.953925705	0.08654761247	-2.700911003	-0.1193583204	-0.771505945	-1.667072713	0.6379317764	0.8274572658	0.07214594557	0.07890527923	1.991849102	0.6248544691	0.776543604	0.9911193795	-1.956634472	0.1277180055	-1.315651189	-0.9060944302	-1.085469149	0.5161712145	-0.5706901897
26	0.015625	1.146840051	0.6085945289	1.160273222	0.3870098846	1.059106253	-1.779700734	-0.6000499703	0.4850944596	0.4682841916	-0.4884381711	2.123823952	-0.5032909888	-0.7938083559	0.6611384423	-0.1087005426	0.9636874961	-0.5561839609	0.4898436994	-2.705859214	-1.629286786	2.438439944	-0.07024221508	-1.11171169	1.181038222	-1.566961531	0.4824992912	0.3979068134	-1.412197727	2.209538118	-1.032250215	0.633131048	0.5226937589	0.687390364	0.0497921388	0.30699683	0.05514116328	0.4909656117	-0.1559903507	0.2293195541	-0.838309099	-1.272104285	-0.05419847254	-0.7384035712	0.4523942439	-0.2582139573	1.304439563	-2.705264012	0.04274897676	0.6630798585	0.8402598131	-2.272315424	-0.3690195929	0.00404390749	-1.089770978	0.3438110247	0.5860976789	1.085459855	2.109867397	1.03838145	-0.9876004569	0.4278189305	-0.3945621649	0.5830674676	0.4020133201	1.510780325	0.7412838086	-0.9845829369	1.275961501	-0.02714115103	1.264435618	0.3679075689	-1.894380341	-0.5708848358	0.3619329878	-1.344890608	0.09731732467	0.8817895596	-0.9149718915	-2.026277946	-0.04053770361	-1.373693867	1.328366811	-0.9127620508	-0.5360333951	3.811447847	-2.175051261	-0.1803042793	0.7263651246	3.438924116	0.3760348717	-3.060659409	1.178615062	-0.2242624481	-0.5347993615	-0.111152447	0.7772930784	-0.6186888494
27	0.015625	0.3059122406	0.2258819095	-2.062781172	0.07965836754	0.3611850938	0.2928901712	0.414183604	0.6908843834	-0.512188105	-0.4799903156	1.323412531	-0.8138781663	0.3803309311	-0.1879396406	-0.778476504	-0.2659727849	-0.7385010111	-1.149237214	-0.2338711401	-0.2781614057	1.259956542	1.637659768	-1.229912948	-0.391606675	-0.1945999991	-0.4880633426	-0.806074834	-0.8281205795	-0.415387256	-1.324344316	1.344466588	-0.5949919755	0.1973799089	-0.8918221794	0.8257514014	-0.3297556627	-2.390788657	0.4769502846	-0.1876000294	1.805222069	0.5272959383	-1.035908659	-1.391886386	-0.04712312551	1.118812629	-0.8714118667	1.392385054	0.4935442471	1.572918944	-0.4345208784	-0.556075667	-0.4411713407	2.188697896	1.18368379	-0.5813130623	0.4874437935	-0.1710527953	-0.3903758174	-1.032747088	2.307844422	-0.9286189266	-1.378673933	1.874081974	0.8192569466	1.280702331	-1.756211763	0.03275706378	0.1490682063	0.3302725199	0.7225026484	1.254363631	0.6015141495	0.8073474589	1.117089658	1.195964448	-0.5088877741	0.5277636908	-0.1088533899	-0.3462387187	-1.07245729	-1.451519185	-1.688488558	0.4332225538	-0.559994587	-1.772143334	0.596313381	-0.04981183453	-0.4811989534	0.4414863037	-0.04716862425	0.07618553608	-0.897276179	-0.06630811151	-1.581952309	-2.775652512	-0.6753760373	-1.348544247
28	0.015625	-0.3545220132	0.2964595294	-0.7265461734	0.8464223173	-1.959936214	-1.245488754	-0.3607340231	-1.863655168	1.887380578	0.7641216069	0.08317431669	0.3952005185	0.06940496411	-1.054752954	-0.02536925924	-1.365682285	1.200006403	1.155944644	0.3691442097	-1.969913579	0.4475213988	0.215807917	-0.09856191159	-0.07462617312	0.002370018274	0.3840904405	-0.464029104	1.638605031	-2.572488579	-0.006999693817	-0.07731367822	-1.113297298	-0.1646367467	0.912304181	2.528070696	-2.569875127	-3.028764308	-0.2041169767	-1.076189365	-2.254706141	0.5618719283	0.8757800443	-0.748092586	-0.3373478357	1.078618893	0.01820143167	-0.5646482133	-0.3557946208	1.228125152	0.2391644664	1.981157158	-0.2104722187	-0.512310635	-0.843113012	-0.007447021947	0.3605109149	0.7049552773	0.0553067396	1.502571268	0.1778467617	0.3897850205	-1.029210183	0.9179079265	1.004727886	0.2072280272	1.110243571	0.9058151974	-0.04598887393	1.109627359	3.114900848	-0.422221755	-1.366923637	-1.917431498	0.569457178	-0.3103187113	0.998720429	0.462357574	0.8838529992	0.2896147581	0.1504847272	0.3760102603	0.458683489	1.152376224	0.04087879859	0.9707934548	0.1402333693	-0.7246184063	-0.1933762455	-0.729297952	-1.804193116	0.7655605163	-0.7111081297	0.4821510571	1.267174492	-0.1362546764	0.5948965776	-1.853047679
29	0.015625	-2.757071429	0.2715130419	-1.391951082	-0.01392888063	0.8030415851	0.7277866234	1.211808196	-1.583143063	-0.02976663252	0.5250240137	-0.1537133185	-1.72671433	0.08527943392	-0.229801355	0.5718514725	0.5590897704	0.6591243937	1.508358463	0.309904525	1.034734471	-0.9135917892	0.6590177385	-1.563538453	1.783130892	1.338593752	-0.1501520744	0.5050783951	0.6255165594	0.7126884106	-1.533073068	-0.1932071105	-1.044582106	0.02140133309	-1.04929245	-2.074901631	-0.3003943829	-0.9809206506	0.06497215811	-0.8798090932	0.2792665443	0.002332222834	1.303101401	-0.3453500179	1.047571299	0.3282509257	-2.183246871	-0.4104644678	-0.3909415231	0.4078159781	-0.4318405342	0.5245497227	-0.07272682301	-0.0665516316	-1.743395222	0.8082949415	4.144275239	0.0175328294	0.8937840087	0.09262503654	0.07927748371	0.3147328791	-1.270712627	1.278585572	1.107852524	0.01414042262	0.8070793983	2.141069952	0.4793838412	-0.3714336504	-1.84653384	0.8759169058	1.013117412	1.108264585	2.131458164	1.98440949	-0.5974167106	-1.836189459	-0.9868506345	-1.177253737	-0.2768186928	-3.214513632	-0.113172307	-0.02712037134	1.453804339	1.916636721	0.4386526291	-0.9887263108	2.196895536	0.01578904712	-0.7630230803	-1.119150322	-0.4883646496	0.4908837739	1.45582481	-0.9520278501	0.6600480185	-0.6926894978
30	0.015625	-0.3833140058	-1.087273744	0.1392796812	0.2196147859	1.843477953	1.128187485	-0.723625322	-2.947429761	-1.31788656	1.176176547	-0.250750924	0.2686024688	0.07634909702	0.6866650646	0.6384194774	0.08279584876	-3.020789207	0.2218342546	1.000491669	-0.212175357	-0.7831451024	1.440322158	-0.3247908238	1.483537094	0.6908325162	2.557186832	-0.5471458448	-1.337098117	-1.841059477	-0.4871506418	0.1249907951	0.37460289	-0.67584114	-2.096241208	-2.40965775	-0.1384943333	-2.39184472	0.9273745818	-0.2960221083	-0.7752680446	-0.5294768469	1.374209195	0.6330916353	-0.4597127108	-0.4047732525	0.5439948326	-2.333963576	0.5198170128	-0.3984919292	1.686901717	-1.953398816	-0.7741994631	1.333344125	-1.213974259	-0.1272015369	3.315841937	1.112493329	1.034488024	-0.3175832123	0.3105325356	0.2970476675	1.61561311	2.618836863	0.9798008988	1.746118779	-0.6795513434	2.369878408	-0.2783440796	-1.004570257	1.181585996	-0.4108353228	-0.001315367327	1.343238874	-0.0540931351	2.657097152	0.1721016019	1.384112935	-0.02775686873	-1.362777986	-1.221184216	1.31816193	0.2900259845	-2.496847964	1.934080995	1.912245668	0.2909815598	-0.1649713022	0.03981903176	1.938611689	-0.7074488529	2.474584473	1.555712361	0.3863619264	-1.324939752	-0.4974374429	-1.572975403	0.3247693795
31	0.015625	0.00596799599	1.039000211	3.349758396	-1.54329824	-3.216181534	-0.943857387	-2.428754221	0.7881156154	1.026697574	-0.2674276501	-0.06205513113	1.584945182	0.735903657	2.330386011	0.03504832668	2.621596891	-1.243151565	-1.366397071	2.318031416	1.212185091	-0.5598962469	-0.1676780613	0.5124439097	-0.4551457686	-2.422480904	-0.8618998181	0.8884959484	1.998708884	-0.9166198075	-1.010100552	2.182017654	-0.3075878212	-1.394384384	-1.450948047	0.8252591181	-1.61856952	-2.223727745	0.3799683757	-0.1768222366	0.9222445885	0.01615380391	0.8815978276	-1.576530331	1.804119747	-0.4134834723	-0.4388949414	-0.7098086365	0.7906963753	1.869774776	1.13302108	-0.6694077119	-0.6945587674	0.4800531902	-0.1696600604	0.1562606278	-0.7451262329	-0.005199939619	0.9030469178	0.2322818207	1.359521377	-0.8162952197	-0.08493493221	2.406366774	1.298372473	-0.995789344	-1.300395614	0.3623695191	-0.9386514042	-0.6468654579	0.6127658801	2.102406627	-1.805101671	-0.6348577036	-0.2627661711	0.9286271313	-0.6405090496	1.166775945	-0.6568865486	-0.3129620837	-1.140804303	2.286016784	-3.168956975	0.5651869335	-1.005240763	1.08298026	-0.9107611263	0.2078245466	0.2427296001	-0.821882479	0.5394114158	-0.4246917522	0.3689350225	-1.116623517	-2.064310871	0.6158115124	-0.5295314114	-1.134648158
32	0.015625	1.632152852	1.55016506	0.05403312691	-0.2068292358	0.9237784622	-0.122162293	-0.436921507	-0.08043787115	0.9907905316	-0.2110959117	-0.3620281822	-0.3180053813	-1.352482745	0.2077839265	0.8912241778	2.381741277	0.9149201065	-0.4910392885	0.009663369448	0.4697973025	-1.684778271	0.4152337891	-1.789062927	2.700064539	0.1247644384	-0.4105653282	-1.370081052	-0.5636966885	-2.942808538	0.3958611192	1.273287095	0.01445583215	-0.4118725425	-0.4286442692	-0.5584147259	-0.6277146993	0.3955220175	1.219435886	0.6927456838	-1.708590455	0.5626549726	2.232365599	-1.755856073	1.619398614	-2.248764745	0.137671448	-2.26474535	0.1242717539	0.8220510177	0.5336699328	-1.848721099	-0.8116275543	-0.1611195479	0.2348252449	-0.9061906731	-0.3602212795	-0.09030619092	0.005261745302	0.2796074464	-0.8593084299	0.1991462613	0.04861827215	1.067995255	1.074098197	-0.4491506837	-1.98464082	0.680198773	1.558050394	-1.603793255	-0.3829135127	0.2233820951	2.488099468	1.615871097	2.072925147	-0.2205575006	1.258453989	1.468594185	-1.339362155	0.07432533851	1.151047478	0.7121691718	-2.559126628	0.4645443739	0.5302123552	0.1315854636	-0.579649134	-0.8675577244	0.73444784	0.6368194644	1.975118712	-1.242141607	0.357483982	1.371655559	-0.7638297183	1.307304206	0.478392169	0.338280724
33	0.015625	0.1640818262	-0.5216991462	0.9774586358	-1.432431136	1.629734881	-0.007496042344	1.415208294	-1.47216673	1.449579545	1.036580676	1.702947556	-0.001295736657	-0.497149864	1.714130393	-1.867392795	0.1510447786	-0.9514985474	1.040167493	0.8679206528	-3.808678523	1.569808739	1.437816741	0.1354828399	-0.4639379673	-0.3986464698	-0.3407859064	-1.17528358	0.4585872622	0.7504215343	-0.2858875552	1.698473283	0.1814551494	-0.9182209791	-2.476029691	0.5429581036	2.086317718	0.5381404413	1.290257666	0.3303133075	0.7052656138	-0.4849746549	1.518962024	-1.052355252	0.05819201037	0.111657191	-0.6442600423	-0.6541166622	0.1931840026	-2.516941661	0.867238799	-0.4689590482	-1.185199432	0.6632143528	-1.545131273	0.2895473192	-0.8890390065	0.02744764843	-1.746191524	0.5460883546	0.2603126922	-1.489373189	-0.9492112061	2.305886079	0.9278849757	0.3203702793	2.104979658	1.746443489	-2.165375688	0.4730056891	0.9442973517	1.61170336	0.1887050492	1.226846541	0.1126913064	0.1829355591	0.3373312458	-0.6610266612	1.192603173	-0.3580163453	0.3788868923	-0.4613651181	-0.7209156272	-0.1498412155	0.5842403583	-0.07613394375	0.9463901861	2.035377846	0.8312178726	0.8011772456	-1.800369679	0.1176004517	1.44907221	-1.462563971	0.2801559366	-0.9396974643	0.2434579803	1.245818862
34	0.015625	-0.1276154963	0.6877881729	1.493347312	-1.567936592	1.91968861	0.8081770958	1.65725515	-0.04181496046	0.01176640797	-0.336585804	0.1191940552	1.192477797	0.120743781	-0.7228163405	-0.276401487	-0.03205321577	0.2051173075	1.231799651	-0.5884987557	-0.56909064	2.206496522	-0.3468331985	-1.231888141	-0.4648358812	-0.06605774975	0.8477262986	-0.04520973998	-0.2797821169	0.1250764052	-0.831193852	-0.8579851511	-1.079304257	-0.02728785794	-0.7520664005	-0.06319915069	-2.187058006	0.3865469951	0.6319351111	0.6437669689	-0.5209391867	1.47214106	-0.8397979479	0.5446238348	-0.8807945235	-0.6851731074	-0.4732082921	-1.014516107	-0.8725140598	0.6117061566	-0.8649886403	-1.195471079	0.3342476153	2.266399806	-0.2835251028	-0.5333993623	1.51871083	-0.9137782993	0.5438849076	1.121833305	-0.3990497784	0.7983644795	1.042221733	0.3846121598	1.193297419	0.6857795452	0.3287789045	0.9391737286	-1.325749922	1.501742177	1.58090742	-0.5856796229	0.361692362	-0.2988338523	1.340649045	-0.8936047432	-0.6746071294	1.004877163	1.242737795	-0.910536946	2.693916144	-1.526251978	-0.6737486144	0.340216715	1.096205367	1.85458868	0.1188786587	-0.945205678	-0.8505379988	-2.251858265	-0.8078888283	1.736594744	-0.8375868503	-0.1280861305	0.2976744673	0.6498002286	1.478371447	-2.827848494
35	0.015625	-1.158833529	-0.222547541	0.4993717261	0.2298272267	-0.09951141467	0.8819240998	-0.3641391304	-1.638596596	0.8504904102	0.2755176779	0.7603121834	-0.9518260726	-0.02241443955	0.921683909	1.473621787	2.340315626	-0.899715717	-0.02671783392	-0.1341814709	2.067804458	-1.727108443	1.439315031	-0.9949210739	0.2813875112	1.102674839	-1.939589946	0.1992553447	1.132229861	-0.4478044687	-0.3471710866	-1.78017901	1.584264254	-0.03852902583	-1.189347244	-2.74772087	-1.515691473	-1.697960478	-0.6030842529	-1.495454128	-0.9206292833	-1.104565635	0.9225325976	-1.050326258	-0.4801527129	0.09649892685	-0.9816195605	-0.9518341175	-0.9700575687	-0.00799248026	-0.6848380116	2.664529901	1.425087969	-0.007036823149	-2.360059628	-0.6736942177	0.5987624755	-0.9323298613	-1.489090415	1.019162468	-0.07484017831	-0.817915117	1.223484473	0.05524303422	0.5267963458	0.5051450567	-1.50843447	2.290707928	0.5575213534	-1.392162411	0.4499180612	1.060954798	-0.3379038439	0.6713195261	-1.792584949	-0.6431594081	0.2349692085	0.6393683324	-1.306776978	-0.7868126272	1.115713082	-0.4476613199	1.019652832	-1.46317798	0.7610021148	1.16646699	0.1925847201	0.7074763759	2.25545057	0.1550504107	0.4609575203	-2.221726674	0.3040629441	-0.04130982301	-0.9530502498	0.6610506316	1.681135397	-0.3908162243
36	0.015625	-0.8426956529	-0.4002232603	1.787111847	0.3382044432	1.323518129	1.070877056	-0.01130164941	1.377254117	-0.5509066488	0.1876043456	0.5489699407	-0.3457037943	0.9916259153	-0.5245171397	-0.06456754176	-0.07452700172	-0.16230037	1.212774561	-1.274605644	-0.02948158573	-0.7993485407	-0.03075567424	-0.04405960197	-1.70880086	-1.131791536	1.491870576	-1.256393625	1.208488356	1.356319579	-0.8517024376	0.8056947707	1.686780608	-1.153632448	-0.4903027656	0.7620536211	-2.169005312	1.576321184	0.5391251868	-1.29728383	-0.4123310551	-0.7685046451	1.746210897	-0.1475081868	-2.182551555	-0.3039569134	0.760228071	2.023522505	0.5228698343	1.266860094	1.156565706	-0.880841649	0.1616788357	2.326566534	-1.060685219	0.03291881467	1.209511647	-0.3138896234	1.109686579	0.5375778044	1.077160579	-0.5451792805	-0.5053944032	-2.357445051	1.515600826	-0.6167709146	0.3231643444	-2.244105112	0.4799609251	1.11075842	0.3295412542	-1.876972557	-1.083794298	-0.3729470626	0.03096444278	0.07801037359	-0.7341075104	0.2224178354	0.5825055242	-1.304911889	0.6415751762	0.6353456199	-0.8595374857	-2.469600333	2.373310179	-0.8968822898	-1.211484589	0.875372262	0.9829683263	0.0745795246	0.01048488583	0.1931710417	0.7156186387	0.1945558329	1.400275783	0.2587392977	-1.521001211	0.1503303801
37	0.015625	0.577431212	-2.58493782	-0.8730611402	2.096308769	1.722822005	1.293627689	-0.8555328539	0.6272261888	1.345317286	-0.07340975372	1.039505943	0.6985088258	-0.1230791221	1.384748297	1.744543787	0.2760511649	-1.813310334	0.3861607253	-2.033994674	0.8343095476	-1.414475676	0.8860635668	0.8705906396	-0.1318932526	-0.6592886007	-0.06959874769	0.4242052367	-0.2979211261	0.5213778803	-1.152344585	1.34941251	-0.2955963703	0.5022823376	-0.2861745861	1.991128688	-0.08049183372	-0.4292976114	0.3748017215	0.2277277782	-0.7501695569	-1.136435561	-0.5067785106	1.446432768	-0.9140837254	-0.1660522595	0.7225638989	0.006802876408	0.1145813051	0.4222465223	0.5073276624	0.4302364997	-1.7579097	0.7134635448	0.1515028447	0.359309101	1.410234674	-2.025730103	2.066405614	1.082981068	1.504054847	2.330412643	-1.623470528	-0.6304967019	0.5402808323	1.18140704	1.771366184	1.640252269	0.5082278189	1.593730354	0.6111339374	3.171518181	0.7804269365	-1.00021935	-0.6813234739	2.015743257	0.02572602004	1.991961387	0.1411179877	0.139202564	-0.7712373886	2.042067212	-1.836045068	-1.561900158	1.3099631	-1.867004417	0.7126278207	-0.7625921231	-2.301380709	-0.848531837	-0.4793404124	-0.765540171	-0.9916667713	0.6796292194	0.007723998613	-0.9213966883	-0.09621428577	0.3689493848
38	0.015625	-0.1240511801	-0.413547209	-1.422664999	1.926587946	0.5166634619	0.3391448169	0.04889627981	1.202147232	-0.01843601689	0.3640175061	0.9358075396	-0.8560688439	1.73534953	1.5660705	-0.4780925553	-0.4003765891	0.8432770812	-0.243006995	0.06811523916	-2.535619138	-0.2370262074	1.056273706	-0.9937348027	-0.348689819	1.473652555	0.442998928	-1.147907863	-0.4171758221	-0.7970071507	0.7028881279	1.73687339	1.736759782	-0.265829364	-0.1213604545	-0.1137170218	-0.281798789	1.832218416	0.8972677483	0.5528616784	0.5073975438	-0.4876282901	0.19172837	-3.401032885	1.357853471	0.3592075888	-0.4204203978	-0.8741090381	0.3372574107	1.747123635	0.2475897283	0.1461168265	0.8064553302	-3.11340549	-1.394263383	-0.4856449351	0.03695502898	0.7163105852	-0.04049432065	0.09121898257	0.36530159	0.5015020764	-0.1723310687	0.5731079234	0.9894496177	0.5158054276	-0.2749710038	0.3422668943	1.240384238	-1.211817538	-0.7579664265	-3.806078206	-0.3008667489	-0.007975995454	-2.65336211	0.5555332013	1.846028017	-0.6713062623	-1.088508959	-0.390316507	-1.578294808	1.787701788	1.140133953	0.7151925771	0.5798150963	0.6227399646	0.8559493542	-1.45282792	0.3598028705	-0.464859788	-0.1720564156	-0.8015317577	-0.6726873085	-0.7281957336	0.03969887399	0.03197791355	-0.7045670127	1.112298581
39	0.015625	0.8173933342	-1.686731613	1.26658316	2.119997096	0.2827876986	-0.6711883417	-0.1422537628	-0.5961067517	0.08648842746	-1.273464739	2.321636893	1.359527111	-0.1262491592	-0.2126217765	-0.4850925366	-0.5825651975	-0.2765972748	0.7241700895	1.626185988	-0.4917523706	0.99471492	-0.04036841095	-0.4114038756	0.8347006383	-0.8615088025	-0.4877863196	-0.4024160968	-0.2864385797	-1.477140038	-1.185089155	0.1796101456	2.013100246	1.125032435	-0.9960722566	0.6413104457	-0.2818028717	0.03358583846	0.5446962929	-0.2002545607	0.6893793593	0.3057097762	0.872486548	1.272527814	0.06201345202	-0.3097893509	0.01622965614	-0.6285413968	-0.3141720394	-0.4652159759	0.1597505799	-0.4384859203	-0.9518731328	1.545559398	0.16843385	-0.1564539313	1.447145344	0.6660429697	0.8154018674	-0.2275189911	0.4099274395	-1.661301971	-1.267786037	0.7800153717	1.496346099	0.1840295085	-0.7177082856	0.9724877735	-2.211812454	0.07597445918	0.970458782	-0.6543027741	-0.2564892975	0.08009481067	0.4747041623	0.175055483	2.26862959	-0.8889295116	1.279290388	-0.92876784	1.919443379	-0.2988116968	-1.933426357	-1.09305215	-0.2220011919	1.164059927	-0.08259795482	-1.940301375	1.593334448	0.6004511431	-0.7974684305	0.3863176304	0.05991116871	-2.435543008	1.011564364	-2.04078153	-1.001687276	-0.04185990517
40	0.015625	-2.112240801	2.229857146	-0.06436029243	-1.037102216	1.490636795	1.625973185	0.9198764301	-0.7890950489	-0.955806415	1.321674529	1.908796084	0.5962092424	-0.383472449	-0.3117888898	0.2692853319	0.3227835683	2.173035884	0.2539604412	0.351618894	0.9715290067	0.07883097764	0.8106847671	-1.235773312	-0.4822235746	-0.7838201757	-2.102998421	0.2195397115	0.008916074021	0.9704533973	-2.419279637	2.095763526	-0.6326450567	1.702278225	0.07160041118	-0.6216063723	-1.593926246	-0.9786083039	2.199600694	0.9722360388	-0.1945771087	0.972909106	-1.496427438	-3.265295575	0.04342297896	2.102779198	-2.399893145	-0.4539165382	-0.8164030916	-0.5827713957	-0.6970581106	-1.25691747	-0.7970169932	1.086796158	1.411477706	-0.09086425049	1.66356044	-0.3047261606	0.6726265022	-1.116812349	2.20653202	0.4678779724	-0.5964341269	1.354491679	1.824447274	-0.4797749865	-0.008988618967	1.163474111	-0.2837502041	0.8419677893	-0.24267875	0.138816899	-1.441636162	-1.863858541	-1.265826628	0.9891432867	-1.138962479	0.7151566793	-0.03460930773	-0.05707567325	-0.1206082819	-1.37092277	0.5294630307	0.4813258144	-1.01813569	-0.282550022	1.713821288	0.5157087331	-0.6691800891	-1.060845243	1.332239061	-0.8399567661	-0.693946865	-1.055704508	-0.763638533	-0.3258164149	-0.03980749369	-1.683907633
41	0.015625	-1.442836923	-0.2183062171	-1.059648183	-0.5672547992	0.7649546124	0.6995639953	2.349375101	1.123117777	-1.885769497	0.3247086672	-1.479916642	-0.88180549	0.6785113588	-0.07414347665	0.02592746887	-0.6550566793	-1.921128656	0.8223030154	0.2426526826	-0.9831663398	0.1289029545	-0.7555364697	1.44809539	-0.809792711	2.239135749	-0.4662377	-0.260246852	-0.9610879104	1.0359182	1.329267036	-2.07015353	-0.5135480976	-0.7827938262	-0.3041599014	0.6754359643	-0.4137445413	-3.235548994	1.415275814	0.5390251379	0.7196190915	-0.9993799033	-0.4023770714	-1.1836317	0.2652195009	-2.547758201	-0.3101257737	-0.5747183226	1.268552501	2.385494795	-0.3212794652	0.5341762515	0.5945879852	1.507264248	-0.5697076515	-1.319771371	0.9060133375	-2.845654806	2.136435331	1.523876398	0.1436280885	0.2144623803	-0.2978581722	0.8386157832	0.580608551	1.610553725	1.489127664	-0.2967033465	-1.21882841	1.117099942	-0.650047241	0.03918449131	-0.07529884273	-0.3142171002	-1.188356133	-0.3426841139	-0.4210697338	-0.5874739721	0.3560831464	-0.7981293455	-1.612009015	-0.2023080283	2.179553786	-0.8125414254	1.387116507	1.706725312	-0.7615855605	-0.9115142525	0.2143778539	-0.09195856919	-0.2985466351	1.039791466	-0.05102580402	-0.8686544871	-0.2558425641	-0.765548795	-0.345900927	-1.227429215
42	0.015625	-0.4186184504	-1.20674751	-1.301117395	-0.9082792342	2.021523779	0.4557955654	1.881328918	0.7791377908	0.6534580695	0.6824731335	1.231681292	-1.075306668	0.6023284674	0.2945640688	0.1771661452	0.523392222	-0.1752448187	0.1856077976	1.489498503	-2.272975963	-0.6615885517	-0.1751724241	0.1777804251	0.2635614594	-0.2948663689	1.393948037	-2.006819008	-0.1558162445	1.065921589	0.1048578068	1.63974524	-0.4464487086	0.2126456717	-0.6407058056	0.3150903109	0.5499056025	1.662381933	0.05585240244	-0.3118799153	-1.911870034	-0.00596078647	-0.4748510649	-1.112971439	-0.8403647895	-0.241269111	0.4512154018	0.3654089629	-1.696145905	-1.653325265	-0.3066330224	1.364005961	-0.7135522583	0.2551014007	-0.2975136896	0.2367704413	0.7584688689	0.4842729533	0.09683414344	-0.5706642938	0.758274433	-0.2374852143	-0.8261914717	-0.04225416258	0.5426017044	0.4624198658	0.2873584827	0.2446150842	-0.4165707314	0.5559028784	-1.344807303	-0.5448274567	1.896676008	-1.07872441	-0.1808456724	1.250381913	-0.3302350038	-2.258091614	-2.422606867	1.151472872	-1.177798798	0.7157466811	0.2577615328	-0.3656187032	0.2970923131	-0.6277459519	1.10152428	-0.4786887733	-0.5939418184	0.7171956786	0.07331905984	-0.2731655162	0.364069912	0.485424255	-0.3409133647	0.1587347075	0.08766012096	2.138606641
43	0.015625	-0.7509487594	-2.202659478	-0.2586456014	-1.242963378	1.923964305	-1.287737801	1.741913789	-0.4273794628	0.8225651852	-0.08361280624	2.477516651	1.649361837	-0.5155303466	2.696918806	-2.748629796	1.653207291	-0.7360403152	0.8582935643	-0.0855299744	0.04855197399	1.193953735	-0.0548988331	-1.672594259	-1.133763872	-2.473146203	-0.2396571277	2.932203384	-0.7119052151	0.5795642516	-0.2846756655	-2.089444298	0.6341346824	-2.139949159	-2.531615004	0.4488392707	-0.9919796655	-0.06703743283	1.254155173	-0.02047109831	1.490570435	0.1464761956	1.650754377	-0.6785201655	-0.5114693515	-2.472148715	-1.211260442	1.464204496	0.2391870154	-2.933834694	0.7232399264	-2.678037815	-1.54859463	1.209568735	1.089858314	-0.1231260406	-0.9081415245	-0.7414137426	1.942235619	-0.9243564553	-0.3323503378	-1.952741484	-2.474596753	0.9909970075	0.9693962231	0.3603712294	0.5753343913	-0.6585857062	0.8335194094	-0.112456973	0.5787602282	0.3385375024	0.7935250334	0.107897387	0.2372504278	0.3554117181	0.5450985051	-0.5822483173	-1.536562198	1.084574353	0.7111456791	1.766535115	-0.7745841968	-1.817058248	2.666648322	-0.3884483582	-0.4040467587	0.8568405971	1.298120165	3.107226132	-2.713549166	-0.9217578726	-1.02751736	1.969770394	0.9015622971	-0.6476697057	0.8749631143	0.9843205632
44	0.015625	0.5050018835	-1.537718585	1.128134934	-1.410822524	-0.8157392064	-0.1787586356	0.2383809518	-0.02005550131	2.109981376	-0.4227250596	2.25775384	0.3875688082	0.3596601227	1.237674398	0.03460014648	-0.5334213221	-0.05367557446	-1.775440422	-0.1773239017	0.4579184255	-2.1248465	-1.42221298	1.865789173	1.190675175	0.2533326993	-1.597674973	-1.739933179	-1.296727488	-1.109003917	-0.0129059214	-2.752680314	-0.1058263505	-0.2125214744	-1.461185045	-0.149688191	1.12936542	1.089595212	-0.312408798	-0.723220248	2.39262464	-0.887630153	2.301456746	0.6575135316	1.657007619	-0.602972391	0.5017881504	0.01809516494	-0.4327787921	1.244470171	-2.008257295	-0.2574066065	0.7116093818	-2.002084449	-0.9929298528	-0.7262155611	0.163999737	0.3297262612	-0.9227287141	-0.3356512979	-1.644410251	-1.63725366	-0.1122806126	-0.3076310559	0.863077014	0.04166054029	1.196291835	1.119608834	-0.7784852109	-1.052514654	0.9877683157	-0.307831206	0.01041446735	0.5114166513	-0.8981822833	-0.6814174354	0.5323443991	1.567691586	1.671351182	-0.9895343829	1.008842833	-1.161423249	-0.2714988149	-0.3588516192	-0.7743020778	0.00232740896	-2.200868216	1.412962375	1.342329751	0.006629960132	0.6546046209	2.313372732	-0.63557358	0.1159211118	-1.18777995	-0.2332676	1.402208783	0.7835047417
45	0.015625	1.444890824	0.7501023362	-2.145820786	-0.6698842996	1.119367137	0.7195839176	0.7790143646	-1.851957032	-0.3621388641	0.9102250625	-1.493176367	0.05588768078	-2.758640867	-0.4092322942	0.3124474121	-0.08415436576	-3.158427611	0.9279911974	-0.6091626289	0.01548039388	-0.7060548124	0.396820438	-2.037069474	0.7954534182	0.06471472686	0.4319222544	0.4029017466	-1.153355959	-0.120665781	-0.4108539928	-1.36508241	-1.353175944	-0.1790624012	1.597631632	-0.1770073626	-0.1467092915	1.536338869	0.6086281082	-0.1273935604	-1.071188344	0.3982600962	0.530619438	1.094831216	0.08037768606	-1.953711044	0.3050667408	0.5761573647	-1.04154452	-1.018808503	-1.278518048	1.508953818	-0.5274506436	1.531530202	0.9612746245	-0.4003752649	-0.5463482987	-1.02337096	-0.6443363151	0.4455478135	-1.867193987	1.570719436	0.612972586	-3.317808034	0.4373816706	0.2446550151	0.7264467758	-0.4225745493	-0.7914768379	-0.3890708725	-0.3442771744	1.818283494	0.5211758539	1.410838086	0.7027021585	-0.1817024253	-0.1412534875	-1.117934634	0.5616469727	-0.2708096805	-0.3230874526	-1.428849945	0.3457926036	0.9266733235	-0.2308986627	-0.1398113439	0.07380152841	-0.6808086694	0.3660198557	-1.05036178	0.5274400806	0.9858374194	-2.296629276	-0.05400875467	0.789554783	-1.030920887	1.193370567	-0.02417629641
46	0.015625	-0.2770262246	0.2483592233	2.161225664	2.186979956	-1.148605226	-2.117886843	1.002139988	0.1446323375	0.09194328024	-1.592104093	0.4358509392	0.1661987411	-1.105319309	-0.9187041016	-0.5408185538	0.3904963328	1.653521448	-0.5426529004	-0.6297372601	-0.4580995322	0.04083501799	2.687908324	-0.0931653541	-0.5738540586	1.859344306	-1.594939352	-1.451344584	-0.1730028658	-1.367755051	2.011290024	3.222538663	0.3950920909	0.366510177	0.2398204057	0.1319880033	0.3256455549	0.4179638564	0.9530611733	0.3223321252	0.2757162296	1.042974074	0.3868406842	0.5007792421	2.547914657	-0.001945425102	1.603634868	0.1103812423	0.07308608571	0.7226912235	1.399295845	-0.7779691223	-0.8050650771	-1.531671686	-2.257743511	0.7107428498	0.06957051827	1.609315579	3.384465958	-0.2898596324	-0.6858127216	-1.076801453	-0.9594173469	2.303230172	0.5734472603	1.304335191	-0.2828684309	0.4502976166	2.27751367	2.412572839	2.196534494	-1.135162437	1.096250018	0.758946222	-0.07559903958	-1.643331495	0.4758516186	0.7341329331	-1.327585114	-0.4348945019	0.6980938016	-0.2856569851	-0.7289479827	0.5611469098	1.509972992	-0.78098766	0.458612916	-0.8158659513	0.7751533584	0.3597578698	-0.5216357446	0.7173914291	-0.3947753669	-0.8469378843	-0.5567571409	-0.4832200117	1.363218532	1.027369829
47	0.015625	-1.395150922	-2.740014125	-0.2395532688	-0.9145861355	0.6830810808	-0.2397752017	-1.873684318	-1.167161477	2.829624407	0.5589220806	1.17724019	-1.160378314	0.8603845879	-0.2447278673	-0.2627248448	-0.5279508544	1.290086994	0.809579569	0.7814489522	-1.552790592	-1.869470645	-0.1647668745	1.206351222	2.415255353	0.2160681607	0.446018181	-1.163630606	1.437549963	-1.419283071	0.2478806524	2.372462446	-0.0160110166	0.3366530078	-1.83572438	0.9034306306	-2.840049314	-0.6859618489	0.324932679	-0.0968149754	0.515512532	-2.268383741	1.639038623	-0.7243916868	0.3233808157	-0.03717376327	1.24249144	-0.3059163951	-0.6299976982	0.4606455561	-0.5006615562	0.9416509945	1.132464983	0.7636175434	-0.8824979885	-0.642379172	0.2177452231	-0.5107605566	0.1555565371	-1.319681567	-1.070147332	0.7023513681	0.3117339383	2.062753447	1.784280784	-0.5171543647	0.05539927101	3.166660284	-1.863650533	0.1463044776	-1.951008338	-0.4134055239	-0.1767090319	-0.1984454664	-1.332423597	0.5126906957	1.047338879	0.3643067345	1.344847127	-1.323617442	0.8555413756	0.273566464	-0.4219803719	-1.624199947	-1.624769516	1.250260084	-0.02640475612	-0.5854641149	-0.06071698095	-0.05233443433	0.4871661425	-1.099887905	0.835451221	-0.594325657	0.6950913239	0.01267808004	1.274403484	0.1892719222
48	0.015625	0.2785559971	0.7909421657	-1.066028138	0.1509484225	1.427959009	-0.133270084	-1.699134931	0.8593873869	0.6545783932	0.2778068189	1.099966347	0.1542785713	0.2080568343	0.2625161376	-0.4764742137	1.178228999	1.307488625	0.4916374184	-1.468075169	0.3321564555	-0.3884838779	0.9047857398	-0.3065971721	1.053257779	-0.8309527988	-0.8329956718	-1.257371549	0.3144580445	-0.4133681642	-1.344233893	1.594064598	-0.5973544366	-2.827800029	0.259894149	0.7930643141	-0.5141764056	-0.4245457561	0.5931731884	-0.008590358073	-0.09034783503	-0.7817025879	0.1266951671	-1.117151281	-0.7932482563	0.1264823	-0.5082992785	-2.230259084	-1.367659793	0.5486825876	-0.4527632857	0.6059632578	0.789831236	0.227856948	-0.728510614	-0.6535000858	-0.5208815036	-1.641895382	0.4821677322	0.4314498896	-0.3973167725	0.784518959	0.4104747012	0.6383298235	1.266816304	-0.3949324884	0.4580354762	1.452971291	-0.6059953816	-0.1705181119	0.3871734451	3.0189323	1.882947291	0.6417128595	0.3907044005	0.7651226085	-0.5302812795	0.7129698922	-0.6232201464	0.2270214805	0.5721720265	-1.055586821	0.04445375274	-0.01222333871	0.3133702013	-1.187786538	0.504445701	1.564157947	0.5136624774	0.5966091051	-1.219664623	0.07527422457	0.5395142203	-1.696597555	-0.2016086579	0.4008566158	0.4770560415	-1.460237993
49	0.015625	-0.8207418044	1.63579793	-2.583640517	-0.0514541	-1.968629836	-1.228262965	0.3717398442	0.9192945329	1.416204149	-1.125588148	-1.887378035	1.522779104	-0.3278696419	-1.635694124	-0.3394968916	0.7034883969	-0.52399111	-0.3325782542	-0.562382784	2.024459983	-0.0193165015	0.7033931723	-2.098790797	2.144715735	0.04553376687	0.4492397284	-0.3523786176	-0.01292772853	-0.692713617	0.5900763245	0.3810958589	-2.619420244	-1.268683532	1.029324398	1.387078483	-3.005414021	0.1655970389	-0.115950471	-0.3808872606	-0.5275458286	1.189024353	-0.1201377257	-1.250417696	1.347468987	-0.2040858111	0.3394397318	0.2114090085	-0.7168338197	-0.271576435	-0.1455948238	-1.142084594	-0.1164469915	0.001213322145	-1.384680101	-0.4982077339	-0.7172966608	-0.8009372036	-0.4906542292	-0.2558541275	-0.8726065687	-0.1028446082	-0.0008304222212	0.2707619835	0.7049103158	0.5364815116	0.7067558836	0.581190046	0.779814959	1.862953625	2.170503896	-0.2664325966	0.2093940969	0.2839718918	1.066112873	1.351504416	0.03447068106	1.808921733	-0.24291593	0.09857444924	-2.757047893	-1.555023476	0.120283469	0.1707641594	1.259769077	-0.1588706562	-1.76322708	1.966291677	0.3908651969	-0.1301027968	1.092442229	-0.2451767482	-1.833966034	0.831377471	-2.4073423	0.03459280686	0.5812159995	-1.092081896
50	0.015625	-0.07788849152	0.1478369734	-2.714304555	0.1816012876	1.049730654	0.176143318	0.2194677724	-1.754314041	1.866215964	0.5354756282	-0.4694053194	-0.03689412321	0.4983461106	1.846703068	0.03592881361	0.3064482939	1.307377613	-0.04548215509	-0.07893453084	-0.3505518571	-1.663079006	-0.1398703232	-2.069465394	1.167658766	1.719199175	1.380443975	0.3900235229	0.167699144	-0.9171973406	-0.2558449453	1.033000024	2.077624646	1.172394888	-0.1397393392	-0.2897653557	0.1159074589	-0.5456057316	0.6782821286	-0.9951800874	-0.7116993449	-0.8982151012	1.007328724	-0.7457433898	-2.171267021	1.191678497	0.263153721	-0.1112532694	-0.4122145543	0.9136764285	-0.9897594433	0.6674769966	-0.4472008551	-0.4613339784	-2.423035845	0.1055933633	1.303504192	0.6631868828	-0.1954600979	-1.5775466	1.751685349	0.9685313517	-1.810285774	-0.09201898045	1.944942489	-0.4281945352	1.159449624	1.635466137	0.5222954219	-1.858130243	-0.9756617384	-2.822846974	0.8241253434	-0.1145532294	1.254983845	0.06036902795	0.8597627306	-2.221549799	-1.610635112	0.9702390658	0.253877565	-0.7626656391	1.867131045	0.5391079916	-0.5933829981	0.8465248913	-1.280918301	-0.94975785	2.023200582	0.8140661874	0.894951423	-0.3365805852	-1.429876132	-0.2182467819	-1.757590652	2.385960398	0.9181052903	-0.6841563727
51	0.015625	2.318858105	2.13631636	-0.2080391188	-0.2303845262	0.6814504399	0.4885809987	-1.658339045	1.073932835	0.7648315827	0.4930968707	-1.301445534	-0.08181160572	0.7091422789	-1.024867877	1.37797373	-1.280753192	0.632881312	1.604604629	-0.5555245391	-1.173096132	0.678090119	2.120139013	-1.116277686	0.05414643241	-0.6608191781	-1.810518794	-0.8863341948	0.09309650288	-0.7807247245	0.300255212	0.6847891494	-0.6123745821	-0.4479659449	0.5143456483	1.407097313	-0.5520561398	-0.9068031837	0.7349689772	-1.462238054	-0.6512978322	1.130481939	2.565097907	-0.7068102822	-0.917021423	2.610763549	-0.4773858904	0.07817303041	-0.3362719445	0.3202104948	0.7503321648	-0.7278370197	0.7249821396	2.369666504	-1.01219825	-0.3664035453	1.882461281	-0.4398656529	1.41595279	0.1087106609	0.9484481848	1.733855384	-0.1732534672	-0.664576409	1.207432114	0.2563042567	-0.1276034951	0.8795785395	-0.8977251009	0.5414017261	1.406096292	-0.3059022657	1.093850767	-1.918848929	2.649967806	1.941901195	-0.1414740926	0.6304262081	-0.1110688743	-1.983988324	1.225655553	0.1224221455	-0.7895471144	0.6608134651	0.08741945762	1.327133621	0.6131593401	0.7147170769	-1.374470961	-1.807139612	1.468577842	-0.2062926737	-1.207812248	-0.02457357866	0.7526301116	0.4806687602	0.2042444369	-0.6699989031
52	0.015625	-0.9290729307	-0.7966332023	-0.5278648954	0.3961750226	1.369102385	1.027499501	-0.7408813746	1.245142185	1.565094678	0.9042921242	1.78042564	-1.783678732	1.129695282	-1.032906721	-1.050803205	0.459567006	-0.3375586849	0.8751920541	-1.776964225	-1.640258511	-0.852197999	-1.078398881	-0.8869530908	-0.3573641374	-1.577552665	-0.9053735254	-1.052077246	-0.8856728827	0.357097263	0.9385164581	0.0626070776	1.598940603	-0.1696271653	0.5593250642	-0.6070491247	1.102917658	-2.550390777	1.909183588	0.9279669633	0.9486307904	-1.68345479	1.265114849	-1.656811021	-0.9016968798	-0.4631381512	-0.3656914634	1.740767288	2.161930033	0.7208601486	2.814981823	0.8253280693	-0.8599582923	0.4042115823	-0.4774885997	-0.1502040138	0.1303553004	-0.7374646278	1.790484846	1.301746698	0.4313822597	0.2119417325	0.7595188017	0.2322846543	0.6122687303	0.7942294646	0.01144766711	0.1358293155	1.921807049	1.509025641	0.4163813568	-1.726146505	-0.5413492638	1.289171402	0.9009640142	1.265928299	1.121128662	0.4765568863	2.111164385	-2.667196989	0.1353266481	1.760115824	-2.147588224	1.443858537	-1.24933223	-0.6903123764	-1.495680774	-0.2745811717	-1.127757035	-0.2284398196	-0.1562986291	-0.756361439	0.5745642708	0.7373168996	-1.754090199	-0.193639282	0.2817970146	0.1565755223
53	0.015625	0.4920356776	-2.014894022	0.1898768449	-1.483772469	-0.8333624587	0.217479043	0.4572151544	-0.8636291358	0.6275710843	1.085232682	1.496671093	-0.8914878073	-0.07281458989	0.5320770906	1.170593493	1.961439233	0.2037377816	1.554074287	0.9157511821	-1.479911153	0.525687327	1.430196622	-0.8827232165	-0.3940761052	0.4570166156	0.7357788998	-0.7711733809	0.6388159274	-0.3239331562	0.144132536	-0.7316416726	-1.113437239	-1.958727667	1.437390425	-0.2906390104	1.208558851	0.2618941871	-0.5449888355	-0.5989342814	0.441681255	-0.7179969667	0.4368689661	-0.7720957666	1.683496469	0.4123201586	0.06108949725	-0.8915964834	0.1804339552	0.4652432689	1.539756775	1.542891283	0.4081083474	-0.5375725644	-0.5326727511	-0.3769145943	1.49033961	-1.951041916	-0.7828172163	1.339162384	-0.1950989239	1.416547208	0.06426090003	0.9150711287	0.5694704947	0.398475656	-2.065334291	1.916486521	-0.0951964231	0.975830217	0.4163093279	1.353000451	0.5992398008	0.3562352279	0.4208516919	1.293430226	-0.5153434032	0.5113890915	-0.1220156489	-1.512318016	0.2468968725	-0.06988579656	-1.36446144	2.042227583	-0.2267164757	2.126227031	0.9374146654	-0.03407490959	0.2571950061	-1.025293485	-0.8417643608	-0.3359942965	1.510916614	-0.5450645347	-0.3367541668	1.040648588	0.4451265829	-1.556282123
54	0.015625	1.361414823	-0.714658131	-1.520504363	2.158938032	0.4821242297	0.1876207426	1.991386312	-0.576272929	1.014779123	0.6637793329	-0.5958409711	-0.9418007444	1.179002251	-0.01408639795	-1.233414121	0.2447339244	0.02230958541	0.5577954589	-0.2008503269	-1.373354128	0.9748418534	-0.01192226223	0.8240819407	0.9482530147	1.367311955	-2.225156056	-1.527848499	1.547623059	0.7420580591	0.4821903615	0.4929446362	0.738268753	0.1553420833	-0.552889342	-1.581511919	-0.3809710783	1.063550926	0.1273645304	-0.4192828387	-0.7292817053	-0.9676752993	1.067156495	-0.03969403001	-0.9122825328	0.1016326486	-1.940345171	1.736027341	-0.3516239224	0.4395194114	-0.7430647767	-0.8815308151	-0.6416415874	0.7434650952	-0.7070307774	-0.4843510219	0.577449313	-0.993766381	0.6228645307	2.439563121	1.042014511	-0.3058727907	-1.81850893	0.7475444877	0.9297302394	0.6052142342	-0.2649940381	0.7642080677	-0.7288528737	-0.2691395782	-0.2639189666	-0.02457038269	1.183551879	0.1071615691	1.574950558	-0.7458928974	1.186156028	0.5881769991	-1.004555617	-1.66466662	0.8589683707	-0.8995850074	0.4553134575	-1.75299013	0.4343427403	1.594299658	-0.0628191693	0.5763798336	-0.2175487445	0.4112219177	-0.09934396261	-0.145220504	-1.069694588	1.862685469	0.07197981554	-1.332144863	1.682037534	-0.4349918566
55	0.015625	-0.7924183534	0.4403511227	-0.05485022844	-2.285759474	1.076418348	0.2506690582	-0.4981978701	0.644013018	2.007160631	1.601857771	-1.706548757	0.1321562077	0.4033944021	1.461208185	0.1937952518	-0.1076538413	-0.757987247	0.05250377982	-2.878386095	-0.2180053983	-0.6986842373	0.3418016174	-1.348721598	-0.1694879376	-0.6700401581	0.1849496971	0.07799124457	-0.02249369243	0.5043268183	0.4060334043	-0.8514001922	-0.6105306095	-1.968969862	-1.590352881	-0.6171228325	1.240529176	-1.216755339	0.8410800129	0.2947917836	-0.7560771356	-0.7564636453	-0.3094435124	-2.081613468	0.5185123181	-0.6740227082	0.05032581811	-0.3520163875	-0.1482515213	0.4386476144	0.7016890182	-1.19739059	-1.018153326	0.2955064836	-0.2250226428	-0.1196899504	-2.439139619	-1.321520853	0.747031704	0.1785262914	1.124936035	1.425805563	0.9921791049	0.9118868916	0.2898152249	1.618259537	3.213630321	0.668687445	0.4536780322	-0.549409578	-0.467563755	1.717050307	-0.2300941678	0.7974881824	-0.005368927471	0.02051164798	-0.6840514535	-0.2325191895	1.141442275	-1.014723839	-1.653842194	1.38097826	0.01111198838	0.5566462031	1.106517456	-0.8558685927	-0.3610167045	2.388408887	0.0999871811	0.05319211626	0.2879860785	-0.7198681408	-0.05929735243	1.077641242	-0.5484837245	1.394993782	1.332425699	-0.9946063883
56	0.015625	0.4089976827	-0.2413979864	0.01741645907	-0.2887537847	0.6546473798	-0.2209543388	0.6374818093	-1.327504248	-0.7353552054	0.6754679947	0.8049432641	0.01959305278	0.2735558601	1.087694548	2.163056258	-0.6787962962	0.3647843064	0.01177248937	-0.9362671573	-0.2483920168	-0.6317754917	1.128847966	0.2870060747	-0.3809262684	-1.453193661	-2.633392442	0.232692345	1.345392947	-1.552700887	-1.200276254	2.798589527	-0.09069560215	0.2462666583	-2.553173269	-0.1791306967	0.1775041763	0.01913718617	-0.1361010738	-0.3345983	0.9930267454	0.8514446701	-0.9637542956	0.09083415758	0.19600857	0.3814672843	2.121005968	-0.2235029283	-0.02378191184	0.2694531868	1.093510431	-2.34166474	0.2739571723	-0.417083351	-1.373595315	-0.5869193768	-0.2534800747	0.7438087435	1.367678929	-1.457120258	2.387831815	0.3892298483	-0.108534587	0.8178772966	0.4529804745	0.9111671158	0.09888997066	-2.09720764	-0.4165637237	-0.8989589686	-0.4358817669	-0.103226153	0.1170907296	-0.6589889158	-1.568201887	-0.5073679035	-1.001784664	-1.594605956	0.4924410714	-0.2777401296	-0.9073563278	0.4627221505	0.07841523208	-0.263629777	-0.6520984481	-1.291844403	0.06026914582	0.8556725115	-1.318725115	-0.116027507	2.116550495	0.710639566	1.503614417	0.5789419832	-0.2600371741	0.6720173606	0.008004318733	-1.453428177
57	0.015625	0.3481894613	0.2603431001	0.01013721324	0.07656070967	2.41727965	0.1683977238	-2.027254791	-0.7095038432	2.195759293	1.615007828	-0.8005753163	1.314784444	0.005639617703	-0.02422095877	-1.145735908	-0.570122438	2.271868515	1.50901664	-2.051291808	-0.2425516993	0.6375579818	-0.4917496964	-0.969012419	0.6850077929	-1.268404004	-1.557502048	-0.09531879028	1.801176925	0.09355364138	-0.5156073329	1.866138285	-0.2942323234	0.07047396878	-1.512442639	0.8972857415	0.211861309	0.4035965264	0.2446613865	-1.430408848	-1.244059787	-0.7127721841	1.404055268	0.4099887702	-0.7381195122	0.9230499273	-1.932432666	0.07824374057	-0.446407183	-0.1038488147	-0.8506778097	-1.488824252	-1.747206791	0.924475977	0.1202747452	0.0289055343	1.720574598	0.2406963929	0.8095999096	-0.06355966655	1.895619356	2.197511925	-0.7234897254	-1.109677808	1.513337059	0.7507344245	0.718084877	0.2517921841	0.01763452962	1.648213364	-1.698974286	2.800816978	0.7195943795	-0.2504856877	-0.00869675681	2.030223056	-1.116141479	-0.5537207709	-0.5146380493	0.7251453155	0.2275095243	1.316316825	-0.9311421244	2.424990486	2.104733344	0.2888196004	1.806276653	1.429416897	0.4207475157	0.4023844064	0.3114106803	-2.007088717	1.080089622	-0.5909562353	0.9256834034	-1.515819079	0.6623871005	0.7218882482
58	0.015625	0.1250468826	0.6908718874	-0.2669584922	-1.945119923	0.4531571643	0.1657853083	-0.08254355673	-0.7075297358	0.7159698433	2.118843216	0.2780090095	-1.587399771	0.9836590525	0.6471857353	-1.922621674	-1.172921561	0.1222241886	2.688271797	0.4049541698	1.75040041	-1.393202024	-0.2404580661	-1.05823858	0.1851336988	-2.00363637	0.2327092736	0.01241080237	0.3851161525	-0.9519749076	-0.4328585638	-0.3426586944	0.4785642671	0.3739625198	0.485756792	0.5284807093	0.2737125373	-0.1860212947	2.474643947	0.8165620229	-0.4912165272	-0.0676899683	1.23303631	-3.091393511	-0.2764579535	-0.3276426473	-2.297200113	-0.4540374828	-0.891946051	-1.717895382	-2.629026995	-0.783903763	-2.381456138	-1.060976072	-0.3439188145	-0.8075379495	-1.94658748	-1.861945273	-0.2572198907	-0.01926273672	-0.2439975293	-0.8251746991	0.3406786953	2.023185334	0.4346299204	0.4213038153	-0.1909984396	2.100546812	1.119739235	-0.17542429	-1.631794175	0.4048070604	-0.1000257721	-0.394542833	0.1396965502	-0.402167781	0.5716546461	-0.5941604507	-0.4554177956	-0.5307339812	0.9925764707	2.148023629	-0.9642513828	0.0597486554	0.03516259495	1.085308797	-0.5178471526	-1.541224059	-0.1531441568	-0.3055608743	1.989035052	0.9571629598	2.150111195	1.46970198	-0.0452435484	2.039637553	0.1062669705	-0.6468210136
59	0.015625	-0.2182267106	0.915548547	1.133384166	-0.7794175436	-0.4058230019	1.435368664	2.749311154	-0.3673755219	-1.275173499	0.3720541138	0.2745406016	1.081586396	-1.798141463	0.7240230857	1.071271521	0.7622705433	-1.376834125	-0.8083431971	0.5710986668	-0.4106100952	-0.7206995185	-0.8527028525	1.367415333	0.3309265386	0.7596144912	-1.79038326	-0.6823198341	1.525295491	1.775294701	0.4045081256	0.8894042828	-2.208491037	0.5565383242	0.8355272546	0.03586779606	0.3225447898	-0.8095191394	-0.07061448932	-0.477959145	-1.895096224	1.571141653	1.125378797	0.1536515161	-1.685981675	-0.2742464266	0.4415173737	0.8439614373	0.04832141723	0.8908835935	-1.257000614	0.08242659192	-0.1091425198	-0.08947280701	-0.8388545871	0.2851298457	3.11380678	0.8964525868	0.7257959186	-0.1224524789	-0.4179963239	-0.117412698	-1.908369632	0.4127333088	0.8984582586	0.8104392568	-0.8292159078	-1.448170001	1.455660603	1.039862558	2.799201764	0.7212050144	0.4492383113	-1.525988747	-0.8235358226	0.5377338822	-2.247378989	2.759883424	1.575682555	0.36670632	-0.2021832061	-2.34525502	-2.188186832	0.08118408903	0.2566516493	1.370382893	0.226963068	1.078658895	0.5105112728	1.512520493	1.702398721	0.6118668192	1.780828039	3.359683152	-1.573232734	0.5587748425	-0.5645098139	0.0113411383
60	0.015625	-0.8518289472	-1.659147189	-0.2787452413	0.8676565401	0.3727722644	1.059593602	-0.08957962858	0.4895216581	0.7632553646	-1.512851534	1.602290638	1.377970046	0.1921770373	-0.2016433848	-1.220601632	0.4629600341	1.281739437	0.03221197745	0.03348055694	0.5870861296	-0.4739509923	-1.004950379	0.571595014	1.215675018	-0.7470127077	-0.2740461341	-1.090536193	-1.537109452	0.3022696375	-0.332439777	-0.357203857	1.548842902	-1.015274682	0.8902036012	0.835560342	1.444061306	0.5023600387	0.5025847081	0.1220929799	0.2768007818	-0.6748506057	-0.8936285684	0.3525171225	0.3255233947	-1.154352702	1.393329768	0.7856358997	-0.4194942071	1.295854284	-1.139625013	-0.4730065672	-1.715700681	-1.207781998	-0.9249916678	-0.8235975712	0.2723484698	-0.3847121307	1.401033024	1.559480612	-0.908231518	0.3642358396	0.2876123901	1.379061164	1.486878329	-1.278144391	1.742426956	-0.3588996245	0.6993340688	1.725815146	1.166973286	-1.111219081	1.412844686	-0.4601178672	-0.8953083369	0.9326876999	-0.6161656265	1.083654775	1.677337959	0.04964859817	0.9494164504	-2.046463278	-1.236414504	-1.880626661	1.049446382	1.787111935	-0.1760972403	0.1998184892	0.5186588819	1.430264092	0.6140121601	0.8890421686	1.070822861	-1.813662343	-1.154253297	0.8777991571	-0.5364110224	-1.032101113
61	0.015625	-1.114944341	-0.06079911555	0.7098119301	-0.1725624041	1.097838538	-0.08043494356	-0.3813936986	-0.2554569603	1.771442451	0.9048402725	0.2298313788	0.7029257911	1.348503599	0.9895833944	-0.02985125912	0.4445681466	0.9691730206	0.7292178478	-1.236954118	-0.01791258886	-0.555256399	0.2346727102	-0.6413959039	0.8579405452	0.08661842544	0.4607950738	-0.05595296777	0.1222632126	0.1745514781	-0.3053182566	0.5171210505	0.5201527562	-1.712569412	0.3035865981	-0.4496764362	-0.4310931236	-0.3323271779	0.9547019976	-0.4063516793	-0.6530750606	-1.17426817	1.045801681	-1.587977829	0.229896728	0.4086417638	-0.3837043575	-1.278363165	-1.110673795	-0.09431321572	0.8977023847	0.07151876447	0.2194007947	-1.259469682	-1.368600343	0.266436088	0.2858508479	-0.8418822758	1.269698252	-0.4805577146	-0.03796751026	0.8053608245	0.1441306478	1.072475111	1.549752668	0.1490388254	0.7670345264	1.785910406	0.3433258632	-0.4044898687	0.7809424397	-0.7787825106	0.02681899082	-0.4695130789	-1.284823746	0.3218083341	0.5718348929	-0.01048237565	-0.4555294449	-0.7578930069	-0.1522130251	0.9794598449	0.4883363207	-0.6168094739	1.93588015	0.2111726941	0.02123749038	1.110538905	0.5228820072	0.9793611167	-0.3052827575	-0.3228928871	0.7727489621	0.2051884867	0.4293143012	1.435152585	1.123112909	0.0795557366
62	0.015625	-0.9865801195	-1.866451722	0.8883995328	-0.5038491503	1.166297669	-0.5582425233	1.686783619	1.465761597	0.5566788347	-0.4847440039	0.1818488739	0.04428497426	-0.578558236	-0.6921296108	0.8042152128	1.051740241	-0.6212343844	-0.5217516519	0.3009146799	-1.236560566	-0.7947389007	-1.481157863	-0.4565737627	1.538962428	-1.22395973	0.104513724	0.3041211854	-1.057117541	-0.9173779092	-0.08621581593	-0.2834694689	0.9297150399	0.04112408874	0.05247281204	0.3893580552	2.041146944	1.504659967	-2.133480985	1.46771211	0.227611847	0.9468963218	-0.3021284212	-0.3905371162	-0.9228224513	-2.096883241	2.325781435	-2.627237529	0.1676156496	0.9414977309	0.9001027984	-0.1523499408	-1.391172553	0.6848772359	0.2289843492	-1.039718163	-0.9430189266	-0.6122948996	0.0812210092	0.5907630616	-0.07942338822	-1.804862221	-1.157244232	0.2336414036	1.29589918	-0.08704103305	0.3841534693	0.03378691644	1.51456516	-0.2166739962	1.266382032	1.675930333	-1.798833869	0.2576861338	-2.717299923	0.9469739063	0.7686216146	-0.2056166666	1.343600232	-1.634619355	-2.466226969	-0.3937245154	-2.099124958	0.5660875124	0.003423721087	-0.01543689745	0.2251726373	-0.5157283713	-0.4662570207	-1.259145558	0.08846536717	-0.222026124	-0.6143157969	1.694729716	-0.2243009707	0.8906778761	-0.6805252951	-0.3308243281
63	0.015625	-0.2016704699	-0.6875141292	0.9667115762	1.839292644	1.864515953	-0.260971165	0.9788913398	-0.09695193282	-0.4175756435	0.4691986547	0.7102192104	1.34488218	-0.577608164	1.513420221	1.575468439	0.2643802122	-0.7451937488	0.8314751596	0.01621410281	0.5096288447	-0.6694023328	0.5825233209	0.7288881406	0.1699417556	0.5046309645	0.3910355775	-1.187936707	-1.252786492	2.042241335	-0.1366282801	0.3315772746	0.3534117206	-1.608131031	-2.048230088	-1.587548598	-2.71489783	0.05831608174	0.7426072986	0.5698974746	-1.87057805	0.9022159998	0.263819659	-1.829709687	0.7260292649	-2.323884674	-0.9177896868	-0.5329060949	-0.3135652881	0.2610185566	0.4766631907	0.662089738	-0.496140192	1.153712073	0.4197203213	-0.07071972713	1.79462548	-1.091223634	0.1734809884	-0.09934120043	0.5086274371	-0.2930097403	0.9855557224	-0.3825250913	0.8947280824	-0.1872151754	-0.09966098107	0.7927087336	-0.739041563	0.4767219396	0.354390119	1.253250126	2.105360083	-0.4129220907	-0.09497173548	-0.08310724169	-0.4539795047	3.507293601	-1.169693653	-2.772853965	-0.69929054	-2.065152965	-0.3864391261	-1.596855741	0.4976461674	1.127694516	1.087057566	-0.3428890792	1.550253948	0.3343686188	2.722579103	0.7768325413	-0.8857619026	0.7374801052	0.1894661394	-0.159603351	0.2974018641	0.2702461346
64	0.015625	-0.7231513482	0.008589364811	-0.04341113958	-0.428923433	0.4120762263	0.2162031956	-1.376395585	-1.400187568	1.092087724	1.39481481	1.222887956	0.2287874446	-0.2932741493	-0.566707735	-0.1960789513	0.2003260662	3.301726108	-0.6320618727	-0.2758436377	-1.717699492	0.7757470183	1.445155476	-0.07883003935	-1.795768632	-0.0889343586	-1.335813276	-0.6222106878	-0.2609808504	0.1933049169	1.500209439	0.579270693	0.3870414688	0.517418094	-1.219373738	-0.8993563955	-0.7233916305	-1.917152028	0.1468556613	-0.9273117452	-0.004347367246	-0.08568935491	0.7991662608	-0.6932796632	0.5690885684	0.8868761886	0.3647334013	0.7742754252	-0.2402051294	1.193335135	0.2646041519	1.121467302	-0.9631335645	-0.6877977568	-0.001750937886	-0.3392959357	0.3182946709	0.8737976591	0.5263318163	0.3297877532	-0.3431092798	1.064801546	1.424523645	1.233498346	1.478010351	-0.7331105733	-0.6537844707	0.1701580823	0.8444966229	-0.7038158604	-0.2863986375	-0.9082512773	0.9876051288	-0.4700129784	-0.2264631556	1.749321663	-1.471771756	0.08896489392	-0.9304082597	0.9368439393	1.039751933	-1.072474398	0.09056486074	2.352066264	-0.06649113104	2.148395284	0.4753400479	1.058982853	1.487612693	0.4415243697	0.3251960235	0.6987269707	1.115437833	-2.273692786	-0.1734972519	-0.3433141992	0.3962262767	0.68558842
