node_label,node_type,node_id,x,y,incident_road_ids,incident_sequences
J01,junction,451302,248236.8,6647256.8,a024 r936,405737 ART024
J02,junction,3642193,248269.2,6647325.4,a024 r956,405941 ART024
J03,junction,451413,248322.79999999996,6646947.0,r893 r894,405243 405462
J04,junction,451417,248324.54,6647005.5,r894 r902,2538721 405462
RB01,roundabout,RB01,248330.39474999998,6647464.878499999,r1000 r1003 r974 r975 r987 r994 r995 r996,2538627 2538630 445046 445047 445160 446634 446635 446748
J05,junction,451438,248335.20000000004,6647108.400000001,r894 r895,405462 443790
J06,junction,451450,248339.242,6647427.9290000005,r895 r974 r975,443790 445047 446635
J07,junction,451463,248346.4,6647375.0,r895 r956,405941 443790
J08,junction,451469,248349.6,6647207.400000001,r895 r920 r921,443790 445048 446636
J09,junction,451476,248353.70000000004,6647513.2,r1000 r1003 r1007,443789 445046 446634
J10,junction,2538480,248355.99,6647462.5,r972 r995 r996,2538627 2538630 2538749
J11,junction,2541056,248369.29999999996,6647051.900000001,r895 r904,2541126 443790
J12,junction,451508,248380.9,6647689.9,r1007 r1053 r1055,1221148 418200 443789
J13,junction,451507,248380.9,6647268.0,r895 r920 r921,443790 445048 446636
J14,junction,451530,248401.20000000004,6647779.400000001,r1007 r1074,417542 443789
J15,junction,CN42,248421.22,6647686.114999999,r1052 r1053 r1054,1221148 2538631 2538633
J16,junction,1406400,248439.91,6648067.8,r1130 r1139,2538622 417540
J17,junction,451563,248442.20000000004,6647827.599999999,r1007 r1071,417541 443789
J18,junction,2538522,248497.15,6647334.8,r944 r960,2538640 2642425
J19,junction,451648,248513.74,6647073.123,r890 r906,405616 417831
J20,junction,451650,248515.4,6647140.400000001,r890 r910,405616 417837
J21,junction,CN02,248520.27599999998,6647698.858,r1045 r1053 r1063,1221147 1221148 1221150
J22,junction,2642376,248521.792,6647277.719,r927 r944,2538620 2642425
J23,junction,2538539,248523.41,6647915.59,r1007 r1110,2538660 443789
J24,junction,2538476,248541.31999999998,6647225.099999999,r890 r927,2538620 405616
J25,junction,2538501,248547.33,6647398.39,r927 r960,2538620 2538640
J26,junction,2538544,248561.55999999997,6647947.61,r1007 r1125,2538666 443789
J27,junction,CN03,248569.75599999996,6647653.5540000005,r1020 r1028 r1045,1221150 2538636 405240
J28,junction,2538485,248603.44000000003,6647624.580000001,r1020 r1040,2538639 405240
J29,junction,CN43,248606.2542857143,6647952.7,r1007 r1092 r1112 r1114,2538661 2538673 405880 443789
J30,junction,451750,248626.9,6647454.0,r890 r990,405110 405616
J31,junction,451760,248635.48899999997,6647557.897999999,r1020 r933,405240 405623
J32,junction,451763,248639.20000000004,6647494.0,r1005 r890,2538669 405616
J33,junction,451777,248654.525,6647555.771000001,r890 r933,405616 405623
J34,junction,CN122,248676.63999999998,6647984.38,r1007 r1130 r1133,3225787 417540 443789
J35,junction,1221170,248687.994,6647837.267,r1084 r1092,1221167 405880
J36,junction,451807,248704.9,6647082.8,r897 r903,405621 405622
J37,junction,CN129,248720.15499999997,6646950.189666667,r890 r896 r897 r898,3587526 405616 405617 405621
J38,junction,2813640,248726.627,6647841.111,r1079 r1093,2813562 3548569
J39,junction,451820,248736.70000000004,6647143.3,r897 r905,405321 405621
J40,junction,451825,248741.1,6647601.400000001,r1025 r933,405245 405623
J41,junction,3225781,248742.35,6648022.79,a023 r1140,3225786 ART023
J42,junction,1238685,248750.671,6647281.684,r918 r945,405619 405620
J43,junction,CN121,248752.60100000002,6648020.5200000005,r1090 r1133 r1140,3225786 3225787 405574
J44,junction,1409921,248767.62,6647788.7,r1073 r1076,1934808 417790
J45,junction,3581575,248772.47,6648403.15,r1142 r1187,405875 418140
J46,junction,3311936,248772.75,6648090.849999999,a007 a023 r1150,442466 ART007 ART023
J47,junction,2538419,248773.51,6647640.91,r1043 r933,2538709 405623
J48,junction,3581621,248774.68,6648103.63,a007 r1154,2541117 ART007
J49,junction,2813573,248777.1,6647886.66,r1090 r1093,2813562 405574
J50,junction,451873,248797.79999999996,6647492.5,r1001 r990,405110 405111
J51,junction,2538418,248801.63,6647668.38,r1050 r933,2538706 405623
J52,junction,CN142,248809.0,6648352.7,r1142 r1181 r1182,405875 418138 418139
J53,junction,451894,248815.08,6647827.94,r1076 r1090,405574 417790
J54,junction,2538475,248818.15,6647135.87,r905 r908,2538625 405321
J55,junction,451905,248826.1,6647317.900000001,r945 r952,405619 417834
J56,junction,CN41,248832.545,6647491.1049999995,r1001 r1004 r990,2538628 405110 405111
J57,junction,3311933,248833.42,6648103.25,r1150 r1153,3366886 442466
J58,junction,3342502,248836.33,6648020.41,r1133 r1134 r1137,3225787 3342518 3342519
J59,junction,CN08,248855.18874999997,6647443.419999999,r971 r982,2538626 417836
J60,junction,451950,248861.29999999996,6646969.8,r889 r896,405617 405890
RB02,roundabout,RB02,248876.53999999995,6648001.891111112,r1128 r1129 r1134 r1135 r1137 r1138,3342518 3342519 3342532 3342533 3342544 3342546
J61,junction,3587289,248878.31999999998,6647340.66,r945 r954,3587540 405619
J62,junction,CN123,248879.265,6648147.585000001,r1153 r1158 r1160,3366886 3366887 3366888
J63,junction,1239232,248891.4,6647220.0,r897 r925,405621 417839
J64,junction,3342505,248899.363,6648023.319000001,r1135 r1138 r1141,3342532 3342533 3342537
J65,junction,3342493,248899.78,6647976.16,r1091 r1128 r1129,3225793 3342544 3342546
J66,junction,451988,248905.9,6648323.7,r1177 r1181,418137 418139
J67,junction,451996,248908.79999999996,6647440.900000001,r945 r982,405619 417836
J68,junction,452007,248920.1,6648255.900000001,r1142 r1167,405875 405876
J69,junction,3342394,248938.356,6648063.28,r1141 r1144 r1145,3342534 3342535 3342537
J70,junction,3225759,248939.749,6647911.413,r1090 r1113,3225788 405574
J71,junction,452035,248948.289,6647191.5,r890 r914,405616 405618
J72,junction,3342487,248949.23,6648124.89,r1152 r1156 r1159,3342520 3342521 444229
J73,junction,1239689,248950.7,6648294.3,r1167 r1177,405876 418137
J74,junction,2538421,248951.42,6647435.349999999,r890 r980 r981,2538705 2538708 405616
J75,junction,452039,248951.665,6647363.949,r890 r945,405616 405619
J76,junction,CN40,248951.7,6647456.6,r945 r980 r981 r992,2538705 2538708 405619 417833
J77,junction,3225774,248952.0,6647925.03,r1091 r1113,3225788 3225793
J78,junction,3587264,248953.32699999996,6647326.634,r890 r957,3587541 405616
RB03,roundabout,RB03,248968.80491666665,6648092.513416667,r1144 r1145 r1147 r1148 r1151 r1152 r1155 r1156,3342520 3342521 3342534 3342535 3342538 3342540 3342541 3342543
J79,junction,3342390,248992.637,6648066.441999999,r1136 r1147 r1148,3342540 3342541 3342542
J80,junction,3342429,248994.65099999998,6648118.069000001,r1151 r1155 r1157,3342538 3342539 3342543
J81,junction,452126,248997.94499999998,6647473.781,r945 r999,405619 417872
J82,junction,452158,249043.6,6647716.5,r1057 r933,405623 417840
J83,junction,452162,249048.62,6648239.32,r1142 r1165,405875 418136
J84,junction,3076518,249078.0,6648200.9,r1157 r1161,3342539 444289
J85,junction,3067928,249080.44700000001,6648208.87,r1142 r1162,3581690 405875
J86,junction,452200,249082.31999999998,6648258.66,r1165 r1169,418136 442405
J87,junction,3342440,249084.44,6648023.86,r1136 r1142,3342542 405875
J88,junction,3225769,249097.085,6647835.636,r1087 r1091,3225793 3342556
J89,junction,2538489,249122.51100000003,6648064.239999999,r1142 r1146,2538663 405875
J90,junction,3581603,249123.0,6648057.599999999,r1142 r1143,2538674 405875
J91,junction,3342460,249125.098,6647823.391,r1078 r1081 r1087,3342547 3342548 3342556
J92,junction,2538490,249139.65,6648065.13,r1131 r1143 r1146,2538663 2538674 418254
J93,junction,452250,249142.70000000004,6647125.2,r896 r901,405617 405891
RB04,roundabout,RB04,249163.59777777782,6647804.495555556,r1072 r1075 r1078 r1080 r1081 r1083,3342547 3342548 3342549 3342550 3342553 3342554
J94,junction,3291641,249172.869,6647826.182,r1083 r1088,3342554 446679
J95,junction,3291642,249179.348,6647821.646,r1080 r1085,3342553 445091
J96,junction,2538560,249181.076,6647590.091,r1012 r1024,2538695 2538701
J97,junction,2538422,249183.54999999996,6647147.28,r896 r912,2538707 405617
J98,junction,3342438,249194.2,6647783.3,r1060 r1075,3342550 446761
J99,junction,3342448,249194.2,6647768.5,r1056 r1072,3342549 445173
J100,junction,2538407,249207.73,6647646.21,r1038 r1041 r933,2538690 2538691 405623
J101,junction,2538415,249209.74,6647609.010000001,r1024 r1032 r1033,2538697 2538699 2538701
J102,junction,2538491,249219.49,6647985.09,r1127 r1131,2538664 418254
RB05,roundabout,RB05,249231.46938461537,6647622.655384615,r1026 r1027 r1032 r1033 r1036 r1037 r1038 r1039 r1041 r1042,1917077 2538688 2538689 2538690 2538691 2538693 2538696 2538697 2538699 418341
J103,junction,2538516,249246.58,6647319.75,r946 r953,2538634 2538700
J104,junction,2538414,249246.672,6647591.5,r1026 r1027 r933,2538689 2538696 405623
J105,junction,2547541,249256.02100000004,6646951.812,r887 r899 r900,2547551 2547552 443794
J106,junction,CN45,249257.529,6647655.364999999,r1039 r1042 r1048 r1049,2538688 2538693 445693 447261
J107,junction,CN15,249267.81333333332,6647298.763333334,r896 r933 r939 r943 r946,1817909 1817917 2538700 405617 405623
J108,junction,2547542,249273.968,6647112.743,r887 r899 r900,2547551 2547552 443794
RB06,roundabout,RB06,249281.78350000008,6647687.898083335,r1021 r1023 r1048 r1049 r1056 r1059 r1060 r1062,445173 445174 445693 445694 446761 446762 447261 447262
J109,junction,452387,249282.47,6647476.69,r933 r964,405623 418014
J110,junction,1817921,249285.30299999999,6647217.024,r887 r923 r924,1817907 1817918 443794
J111,junction,452399,249291.70000000004,6647876.599999999,r1094 r1095 r1102,405943 445688 447256
J112,junction,CN143,249293.0,6647858.600000001,r1085 r1088 r1094 r1095,445091 445688 446679 447256
J113,junction,1917096,249300.969,6647663.125999999,r1021 r1037,1917077 445174
RB07,roundabout,RB07,249303.0919166666,6647262.594333332,r923 r924 r928 r930 r937 r939 r940 r943,1817907 1817909 1817911 1817913 1817914 1817916 1817917 1817918
J114,junction,CN144,249317.61142857146,6647673.417142856,r1031 r1035 r1036 r1047,2538684 2538687 418341 418342
J115,junction,2538562,249320.02,6647560.45,r1006 r993,2538702 2538704
J116,junction,452448,249326.6,6647740.2,r1059 r1062,445694 447262
J117,junction,452450,249326.87399999998,6647861.963,r1085 r1088 r1096,443812 445091 446679
J118,junction,452456,249328.203,6647245.0,r917 r928 r929 r930,1817914 1817916 417891 418402
J119,junction,1817924,249354.8,6647310.4,r940 r949,1817911 445052
J120,junction,452474,249358.18000000002,6647275.080000001,r929 r941 r942,418402 445995 447523
J121,junction,1817926,249361.9,6647304.3,r937 r947,1817913 446640
J122,junction,452488,249376.1,6647622.400000001,r1029 r1031,418342 418343
J123,junction,CN145,249381.75819999995,6647137.8668,r081 r911,443344 446147
J124,junction,1411111,249384.314,6647190.965,r913 r917,3549974 417891
J125,junction,CN146,249390.813,6647172.8156,r085 r916,443342 444470
J126,junction,1412982,249392.71,6647502.72,r1006 r964 r993,2538702 2538704 418014
J127,junction,CN12,249397.53280000002,6647323.243199999,r941 r942 r948,2538703 445995 447523
J128,junction,452524,249431.6,6647895.7,r1096 r1103 r1105,443812 445092 446680
J129,junction,CN38,249441.1246363636,6647760.69518182,r1008 r1011,3963488 406022
RB08,roundabout,RB08,249459.31866666672,6647556.811888889,r1021 r1023 r966 r969 r997 r998,445051 445174 445175 446639 446762 446763
RB09,roundabout,RB09,249461.26544444446,6647903.741777779,r1100 r1101 r1103 r1105 r1107 r1111,445092 445093 445678 446680 446681 447249
J130,junction,452563,249464.62,6647709.86,r1011 r1046,406021 406022
J131,junction,452568,249471.0,6647875.8,r1082 r1100 r1101,405840 445678 447249
J132,junction,452576,249477.0,6648428.099999999,r1161 r1191 r1192,444289 444851 446441
RB10,roundabout,RB10,249493.64444444448,6647455.31111111,r916 r947 r949 r977 r997 r998,443339 443342 445051 445052 446639 446640
J133,junction,3182400,249494.46,6647466.53,r985 r989,2802004 3182395
J134,junction,452600,249501.05999999997,6647313.069000001,r916 r951,443342 443346
J135,junction,CN147,249506.28850000002,6648474.215,r1197 r1200 r1203 r1204,405145 405146 445604 447184
J136,junction,452616,249508.23899999997,6647747.846,r1011 r1068,406022 406023
J137,junction,CN47,249510.94346666668,6647928.2820666665,r1107 r1111 r1115 r1117 r1123,2586762 2586763 444287 445093 446681
RB11,roundabout,RB11,249511.30283333332,6648435.814666667,r1184 r1185 r1191 r1192 r1195 r1197 r1198 r1200,2221463 2221464 444845 444851 445604 446435 446441 447184
J138,junction,CN148,249512.31428571427,6647435.842857144,r926 r951 r984,2802005 443346 444234
J139,junction,2221468,249518.61,6648395.28,r1176 r1184 r1185,2221463 2221464 2221492
J140,junction,452640,249521.2,6647449.2,r973 r989,3182395 443340
J141,junction,452638,249522.055,6647440.366,r926 r985,2802004 444234
J142,junction,3587470,249522.77599999998,6647605.663,r1011 r1030,405249 406022
J143,junction,CN48,249533.76400000002,6647935.322615385,r1115 r1117 r1118 r1121 r1122,2586762 2586763 405308 444842 446432
J144,junction,452653,249537.20000000004,6648449.400000001,r1195 r1198 r1201,443626 444845 446435
J145,junction,452654,249537.544,6647812.113000001,r1068 r1082,405840 406023
J146,junction,CN25,249553.915,6648300.23,r1168 r1171 r1176 r1180,2221491 2221492 2221493 3587606
J147,junction,452671,249561.70000000004,6647373.099999999,r926 r955,443345 444234
J148,junction,2813615,249567.721,6648456.963,a027 r1202,405387 ART027
J149,junction,CN55,249569.2538333334,6647948.451416667,r1099 r1108 r1118 r1121,2642427 405942 444842 446432
J150,junction,1238834,249575.82,6647202.63,r907 r919,405252 417412
J151,junction,1238650,249576.5,6647655.39,r1030 r1046,405249 406021
J152,junction,CN01,249578.71899999995,6647824.283,r1061 r1082 r1089,1220900 405840 405841
J153,junction,452690,249579.1,6647268.099999999,r926 r938,443343 444234
J154,junction,1238651,249580.75,6647536.0,r1010 r1011,406019 406022
J155,junction,452692,249581.682,6647975.445,r1118 r1121 r1126 r870,405278 443625 444842 446432
RB12,roundabout,RB12,249582.85655555563,6648257.227444444,r1163 r1164 r1168 r1170 r1171 r1172,2221487 2221488 2221490 2221491 2221493 2221494
RB13,roundabout,RB13,249596.62814285714,6647326.269,r911 r926 r938 r955 r959 r961,443343 443344 443345 444234 444506 446150
J156,junction,CN26,249600.3455714286,6648286.900714286,r1170 r1172 r1174 r1178 r1179,2221488 2221490 3587613 405661 417859
J157,junction,2541046,249600.5,6647770.900000001,r1061 r1064,2541120 405841
J158,junction,2221471,249606.14,6648227.760000001,r1163 r1164 r886,2221486 2221487 2221494
J159,junction,CN56,249618.89366666667,6647905.186666667,r1099 r1108,2642427 405942
J160,junction,1220919,249623.37,6647849.3,r1089 r831,1220900 3175221
J161,junction,CN149,249626.88139999998,6647408.441400002,r081 r926,444234 446147
J162,junction,1238649,249629.62,6647572.74,r1010 r805,406010 406019
J163,junction,452729,249632.4,6647447.0,r973 r977,443339 443340
J164,junction,452732,249639.924,6648030.935,r1126 r870,405278 443625
J165,junction,452734,249643.24,6647700.77,r1061 r826,405248 405841
J166,junction,1411087,249649.5,6648420.8,a027 r1188,417861 ART027
RB14,roundabout,RB14,249653.1451666667,6647385.394916668,r959 r961 r962 r963 r966 r967 r968 r969,444506 445175 445176 445616 446150 446763 446764 447195
J167,junction,452743,249654.79,6648362.239999999,r1175 r1179,405661 405662
J168,junction,452741,249655.70000000004,6647293.7,r919 r935,405252 405253
J169,junction,CN05,249663.0694285714,6647867.892285715,r1099 r831,3175221 405942
J170,junction,452753,249666.76599999997,6647358.0,r919 r962 r963,405252 445616 447195
J171,junction,452764,249681.0,6647414.900000001,r820 r967 r968,443861 445176 446764
J172,junction,CN06,249687.15000000002,6647251.0,r932 r935,2538670 405253
J173,junction,CN46,249698.485,6647741.325,r1064 r818 r826 r831,2538683 2541120 3175221 405248
J174,junction,CN150,249703.254,6648404.55,r1179 r1186 r1188,405661 417860 417861
J175,junction,452780,249703.9,6648428.2,r1188 r1193,417861 417862
J176,junction,452806,249755.895,6648099.991,r870 r877 r878,443625 444841 446431
J177,junction,2221472,249757.927,6648142.155,r881 r884 r886,2221466 2221467 2221486
J178,junction,CN151,249759.4,6647544.260000001,r085 r977,443339 444470
J179,junction,CN44,249767.66119999997,6647692.6024,r805 r818,2538683 406010
RB15,roundabout,RB15,249778.70899999997,6648117.603166666,r872 r874 r877 r878 r880 r881 r883 r884,2221466 2221467 444840 444841 445094 446430 446431 446682
J180,junction,CN37,249780.96075,6648011.050000001,r849 r858 r859 r864 r865 r866,2538615 3605179 406012 418340 445692 447260
J181,junction,452828,249782.34900000002,6648436.0819999995,r1186 r1190 r1196,1221168 1221169 417860
J182,junction,452839,249793.03,6647711.75,r805 r817,406010 406018
J183,junction,1220920,249801.468,6647924.617,r835 r843,1220902 405750
J184,junction,CN112,249802.91379999998,6647749.447,r817 r830 r832,405061 406018 4060524
J185,junction,452850,249805.339,6648142.326,r788 r880 r883,443814 445094 446682
J186,junction,3306975,249814.93,6647477.92,r1002 r976,3306995 405749
J187,junction,CN04,249820.65920000002,6648471.683199999,r1179 r1196 r1205,1221169 405661 417864
J188,junction,CN128,249821.02819999997,6647888.4246000005,r835 r838 r843,1220902 405750 417933
RB16,roundabout,RB16,249821.45963636364,6648030.801818181,r855 r856 r864 r865 r866 r871 r872 r874,2538615 2815771 444839 444840 445692 446429 446430 447260
J189,junction,452880,249836.70000000004,6647991.7,r828 r855 r856,443623 444839 446429
J190,junction,CN52,249838.95469565224,6647630.928608698,r803 r804 r806,417931 445177 446765
J191,junction,1934867,249848.985,6647429.673,r958 r976,1934832 405749
J192,junction,CN51,249859.97040625,6647558.608749998,r1009 r803 r804 r820,3306996 443861 445177 446765
J193,junction,CN53,249860.41140740752,6647691.044592593,r744 r803 r804 r817 r820,405177 406018 443861 445177 446765
J194,junction,2642957,249877.98,6648514.53,r1205 r1206,2643348 417864
J195,junction,452911,249880.871,6647816.838999999,r830 r835,405061 405750
J196,junction,3306973,249885.26,6647527.338,r1002 r1009,3306995 3306996
J197,junction,CN152,249910.65,6647913.8,r834 r840,405878 405879
J198,junction,1239370,249926.37,6648004.88,r835 r862,405750 417934
J199,junction,CN36,249931.245,6647791.100000001,r829 r830 r834,2538680 405061 405878
J200,junction,452960,249940.5,6647704.7,r819 r820 r821,443861 445178 446766
J201,junction,452962,249944.98,6647330.66,r922 r958,1934832 2538682
J202,junction,452969,249962.29999999996,6647742.900000001,r823 r825 r828,443623 444838 446428
RB17,roundabout,RB17,249970.93333333338,6647712.000000001,r819 r821 r822 r823 r824 r825,444837 444838 445178 446427 446428 446766
J203,junction,452981,250006.6,6647718.5,r715 r822 r824,443622 444837 446427
J204,junction,452986,250031.5,6647839.4,r830 r836 r837,2538677 405061 405062
J205,junction,2538391,250048.12,6647741.19,r744 r827,2538675 405177
J206,junction,CN35,250049.52683333322,6647905.944444444,r830 r839 r845 r847 r848,405061 405735 417917 418142 418143
J207,junction,2538388,250135.59,6647896.93,r830 r841,2538678 405061
J208,junction,2538392,250155.45000000004,6647775.419999999,r744 r833,2538681 405177
J209,junction,CN34,250237.72499999998,6647964.93,r830 r851 r852,2538676 2538679 405061
J210,junction,CN62,250314.28000000003,6648008.845,r830 r853 r861,2646943 2646946 405061
J211,junction,CN63,250386.16333333327,6648053.903333334,r830 r867 r869 r873,2646932 2646934 2646942 405061
J212,junction,2646611,250435.73,6647899.37,r744 r844,2646936 405177
J213,junction,453109,250444.79999999996,6648085.5,r783 r830,405061 405344
J214,junction,2646617,250456.0,6648151.5,r783 r882,2646940 405344
J215,junction,2814327,250474.638,6648101.531,r830 r875,2814274 405061
J216,junction,CN111,250499.34900000002,6647951.436000001,r744 r779 r850,2814284 405177 405218
J217,junction,CN69,250527.50500000003,6647997.085,r779 r854 r860,2646926 2646927 405218
J218,junction,453134,250606.4,6648119.400000001,r830 r876,405061 405063
J219,junction,453136,250612.70000000004,6648089.7,r779 r876,405063 405218
J220,junction,CN64,250651.54266666668,6648129.144666666,r773 r779 r830 r885,2646933 2814295 405061 405218
J221,junction,2646619,250691.6,6648167.400000001,r779 r786,2646935 405218
J222,junction,1238939,250710.8,6648337.8,r783 r798,405344 417494
J223,junction,2646620,250758.54999999996,6648233.61,r779 r791,2646941 405218
J224,junction,2814317,250762.19000000003,6648128.87,r763 r775,2814283 418181
J225,junction,453164,250771.27,6648042.75,r744 r763,405177 418181
J226,junction,453165,250772.759,6647976.661000001,r715 r739,405712 443622
J227,junction,CN153,250788.87999999998,6647960.06,r085 r746,443337 444470
J228,junction,CN57,250799.20000000004,6647925.115999999,r712 r738 r739,2644140 405712 417889
J229,junction,453190,250877.4,6648407.900000001,r779 r787,405218 405734
J230,junction,453191,250883.29999999996,6648037.099999999,r715 r759 r760,443622 444836 446426
RB18,roundabout,RB18,250921.975,6648051.312500001,r746 r759 r760 r762 r767 r769,443334 443337 444835 444836 446425 446426
J231,junction,CN65,250935.22,6648205.490000001,r778 r785 r789,2646945 405367 405910
J232,junction,CN154,250937.20000000004,6648010.0,r081 r749,443338 446147
J233,junction,453209,250948.89,6648118.64,r744 r774 r778,405177 405367 441689
J234,junction,CN113,250957.70360000004,6648063.1076,r764 r767,443335 446425
J235,junction,1411108,250958.04,6647808.087,r711 r713,2815772 417888
J236,junction,453213,250959.1,6648366.1,r778 r779,405218 405367
J237,junction,2815775,250960.20000000004,6647901.599999999,r711 r713,2815772 417888
J238,junction,453212,250970.54299999998,6648043.209,r762 r764,443334 443335
J239,junction,1239317,250975.386,6647927.639,r713 r736,405711 417888
J240,junction,1400333,250979.67,6648408.1,r778 r800,2646931 405367
J241,junction,453223,251014.79999999996,6648277.3,r779 r796,405218 405219
RB19,roundabout,RB19,251048.33333333328,6648073.244444445,r755 r756 r767 r769 r771 r772,444834 444835 445089 446424 446425 446677
J242,junction,453251,251075.9,6648102.3,r692 r771 r772,444326 445089 446677
J243,junction,453252,251077.6,6648176.0,r744 r779,405177 405218
J244,junction,3596811,251090.0,6647951.2,r736 r743,405711 417887
J245,junction,453260,251108.70000000004,6648120.400000001,r692 r779,405218 444326
RB20,roundabout,RB20,251113.11250000002,6647995.775000001,r747 r748 r749 r750 r755 r756,443336 443338 444834 445075 446424 446663
J246,junction,CN155,251134.97600000002,6648050.9972,r085 r762,443334 444470
J247,junction,453278,251145.1,6647966.5,r500 r747 r748,443810 445075 446663
J248,junction,CN156,251151.01433333335,6648143.3040000005,r692 r784,405087 444326
J249,junction,CN66,251159.0666666666,6648227.713333335,r744 r784 r790 r792,2646938 405087 405176 405177
J250,junction,453300,251182.635,6647935.802,r500 r736,405711 443810
J251,junction,453301,251185.5,6648309.3,r784 r797,2646937 405087
J252,junction,453302,251190.0,6648451.599999999,r801 r802,405216 405334
J253,junction,453310,251204.79999999996,6648347.099999999,r697 r784,405087 405175
J254,junction,CN157,251207.99400000004,6648032.824800002,r081 r750,443336 446147
J255,junction,1401536,251229.643,6648001.813,r661 r754,2644145 405092
J256,junction,453321,251240.20000000004,6648419.400000001,r784 r801,405087 405216
J257,junction,2646623,251243.5,6648294.3,r790 r793,2646939 405176
J258,junction,2644146,251285.67,6647990.93,r661 r742,2644144 405092
J259,junction,2644266,251292.9,6647881.533999999,r500 r730,2644131 443810
J260,junction,453344,251307.9,6648539.7,r784 r799,405087 405333
J261,junction,1713042,251352.167,6647870.468,r500 r723,1713027 443810
J262,junction,453354,251355.49,6648010.080000001,r661 r733,405092 405370
J263,junction,453356,251371.628,6648408.223,r697 r799,405175 405333
J264,junction,453360,251384.29999999996,6647870.6680000005,r722 r723 r725,1713026 1713027 1713028
J265,junction,453364,251396.49,6648267.93,r692 r794 r795,444326 445088 446676
J266,junction,2644148,251401.1,6647929.28,r733 r741,2644147 405370
J267,junction,1713043,251412.5,6647892.2,r728 r729 r733,1713029 1713031 405370
RB21,roundabout,RB21,251415.99533333333,6647872.755000001,r716 r717 r722 r724 r725 r727 r728 r729,1713026 1713028 1713029 1713031 1713032 1713034 1713035 1713037
J268,junction,2644150,251421.585,6648030.035,r661 r752,2644149 405092
J269,junction,1713050,251427.91,6647841.54,r716 r717,1713035 1713037
J270,junction,CN158,251428.28000000003,6648275.557999999,r692 r776 r794 r795,405434 444326 445088 446676
J271,junction,453393,251451.351,6648113.875,r673 r777,405710 417565
J272,junction,453397,251463.4,6647882.3,r500 r724 r727,1713032 1713034 443810
J273,junction,2644279,251489.62,6648080.16,a021 r766,2644152 ART021
J274,junction,453406,251490.6,6648124.8,r673 r780,405710 417564
J275,junction,2644277,251497.105,6647892.254,r500 r734,2644151 443810
J276,junction,2644154,251498.23,6648051.27,r661 r753 r766,2644152 2644153 405092
J277,junction,CN29,251536.26880000005,6648126.5524,r085 r675,2520172 444470
J278,junction,3921005,251541.465,6648124.132,a003 r597,3921022 ART003
J279,junction,3921011,251543.80999999997,6648115.57,a003 a021 r596,3921016 ART003 ART021
J280,junction,453426,251544.70000000004,6648529.2,r697 r698,405175 405373
J281,junction,453430,251559.232,6648356.797000001,r648 r692,405396 444326
J282,junction,CN32,251577.96540000002,6648120.172199999,r081 r670,2520178 446147
J283,junction,2646630,251587.55999999997,6648167.95,r673 r681,2646867 405710
J284,junction,2646625,251588.25,6648535.349999999,r697 r703,2646920 405175
J285,junction,2646624,251591.48,6648340.93,r648 r695,2646918 405396
J286,junction,2644157,251602.583,6647818.014,a019 r714,2644083 ART019
J287,junction,453463,251614.6,6648083.7,r661 r666,405092 417191
J288,junction,2644223,251627.18000000002,6647972.73,r500 r651,2644084 443810
J289,junction,CN110,251652.82727272724,6648540.347363636,r632 r692 r697 r701,2814282 405174 405175 444326
J290,junction,3067874,251653.7,6647842.3,a019 r718,405472 ART019
J291,junction,2814000,251659.0,6648010.599999999,r500 r652,2813987 443810
J292,junction,453486,251669.20000000004,6648327.8,r648 r694,405065 405396
J293,junction,CN30,251671.436,6648164.739999999,r085 r675,2520172 444470
J294,junction,453491,251686.0,6648043.400000001,r500 r659 r660,443810 445077 446665
J295,junction,CN31,251686.2336,6648150.794999999,r081 r670,2520178 446147
J296,junction,2814320,251694.02,6648551.57,r632 r702,2814302 405174
J297,junction,453496,251695.70000000004,6648275.2,r648 r690,405396 405709
J298,junction,453498,251703.0,6648231.599999999,r648 r673,405396 405710
J299,junction,CN58,251708.3095,6647868.008,r718 r719 r721,2644082 3596991 405472
J300,junction,CN114,251731.19114285716,6648181.637999999,r085 r478 r685,3526883 4004435 444470
J301,junction,CN159,251731.46666666667,6648096.866666667,r648 r660 r665,405396 445640 446665
J302,junction,CN160,251731.63333333333,6648080.666666667,r648 r659 r665,405396 445077 445640
J303,junction,CN118,251734.1615,6648166.714500001,r081 r490,4004436 446147
J304,junction,2813999,251739.70000000004,6648053.099999999,r648 r655,2813989 405396
J305,junction,2814323,251743.29999999996,6648423.900000001,r694 r699,2814269 405065
J306,junction,2644159,251753.95000000004,6647919.989999999,r648 r735,2644081 405396
J307,junction,453522,251755.5,6648006.3,r648 r653,405235 405396
J308,junction,CN161,251755.69999999998,6647881.900000001,r648 r718 r726,405396 405421 405472
J309,junction,453528,251777.5,6648129.5,r500 r659 r660,443810 445077 446665
J310,junction,CN127,251784.25,6648326.047000001,r688 r690 r693,3526884 405709 417886
J311,junction,2646631,251802.0,6648595.29,r632 r707 r710,2646925 2646947 405174
J312,junction,CN126,251837.02,6648289.775000001,r606 r685 r689 r693,3526883 3526884 3966891 4004434
J313,junction,2644160,251843.122,6647919.136,r726 r732,2644109 405421
J314,junction,2644253,251874.911,6648187.103999999,r500 r677,2644118 443810
J315,junction,2644163,251875.65099999998,6648062.735,r653 r664,2644104 405235
J316,junction,CN59,251896.41,6647947.739999999,r650 r726 r731 r740,2644101 2644112 2736119 405421
J317,junction,CN60,251948.06500000003,6648097.899999999,r653 r667 r668,2644105 2644165 405235
J318,junction,2644167,252007.20000000004,6648127.21,r653 r674,2644114 405235
J319,junction,4004427,252016.87,6648299.900000001,r478 r689,4004434 4004435
J320,junction,1405014,252070.4,6648560.853,r706 r708,3204093 417435
J321,junction,CN99,252074.65000000002,6648046.265,r645 r656 r662,2644168 2736120 405330
J322,junction,453700,252081.633,6648258.173,r500 r653,405235 443810
J323,junction,2736175,252084.90300000002,6648236.982,r653 r687,2736126 405235
J324,junction,453719,252117.1,6648072.599999999,r607 r645,405192 405330
J325,junction,2736821,252134.6,6648753.3,r630 r632,2736968 405174
J326,junction,453733,252145.5,6648560.3,r621 r708,405295 417435
J327,junction,2644169,252146.0,6647961.4,a009 r607,405192 ART009
J328,junction,3204044,252149.6,6648392.6,r690 r696,3204084 405709
J329,junction,2736194,252150.24400000004,6648282.636,r500 r686,2736128 443810
J330,junction,3551002,252150.879,6647931.02,a009 r649,405324 ART009
J331,junction,2736892,252185.68,6648900.12,a005 r643,2736965 ART005
J332,junction,2736882,252196.717,6648900.995,a005 r642,444327 ART005
J333,junction,453773,252221.571,6648893.204,r642 r644,405345 444327
J334,junction,2736174,252222.13,6648124.5,r607 r672,2736131 405192
J335,junction,CN49,252247.55966666667,6648810.266333333,r632 r638 r639 r642,2666617 2666618 405174 444327
J336,junction,3596946,252266.79999999996,6648768.400000001,r620 r633,3596990 405049
J337,junction,453824,252268.79999999996,6648538.7,r621 r622,405295 405296
J338,junction,453814,252271.09,6648800.018,r572 r620 r638 r639,2666617 2666618 405049 443801
J339,junction,453827,252272.29999999996,6648717.5,r620 r621,405049 405295
J340,junction,1238888,252282.45000000004,6648040.64,r649 r657 r658,2736117 405324 417459
J341,junction,2736819,252287.87,6648674.57,r620 r628,2736953 405049
J342,junction,453843,252290.20000000004,6648538.2,r620 r621,405049 405295
J343,junction,2646633,252302.6,6648574.900000001,r620 r623,2646916 405049
J344,junction,453855,252307.04,6648620.06,r620 r624,1220148 405049
J345,junction,CN136,252311.565,6648379.182499999,r215 r597,3921020 3921022
J346,junction,453862,252312.4,6648795.900000001,r572 r637,443801 447191
J347,junction,453861,252312.4,6648181.3,r607 r684,405192 417345
J348,junction,CN137,252314.539,6648365.554,r213 r596,3921016 3921021
J349,junction,453870,252319.6,6648811.2,r636 r637 r641,405227 445611 447191
J350,junction,453872,252321.4,6648794.8,r572 r634 r635 r636,443801 445061 445611 446649
J351,junction,1220150,252336.20000000004,6648639.489999999,r624 r626 r627,1220147 1220148 1220149
J352,junction,453894,252344.623,6648792.56,r572 r631 r634 r635,2736952 443801 445061 446649
J353,junction,453913,252363.29999999996,6648014.2,r647 r654,405634 405660
J354,junction,453941,252395.671,6648786.691,r572 r625,405320 443801
J355,junction,453959,252413.203,6648331.629,r500 r613 r614,443810 445078 446666
J356,junction,2736822,252414.95000000004,6648732.05,r625 r629,2737003 405320
J357,junction,2736176,252422.12,6648264.41,r603 r607,2736129 405192
J358,junction,4021138,252437.58,6648361.62,r488 r490,4004436 4021139
J359,junction,1238667,252459.6,6648633.4,r553 r625,405320 405567
J360,junction,CN130,252464.844,6648292.050000001,r602 r607 r608 r609 r610 r691,3596963 3597000 405192 405635 445609 447189
J361,junction,CN162,252469.89138461536,6648338.502461539,r609 r610 r613 r614 r615,2228111 445078 445609 446666 447189
J362,junction,2736886,252482.112,6648799.79,r567 r572,2736961 443801
J363,junction,454018,252490.70000000004,6648205.3,r602 r654,405635 405660
J364,junction,3596790,252500.93000000002,6648065.451,r647 r663,3597006 405634
J365,junction,2228113,252508.20000000004,6648339.099999999,r613 r616,2228112 445078
J366,junction,2646776,252517.209,6648808.669999999,r565 r572,2646907 443801
J367,junction,2228114,252518.973,6648348.816999999,r614 r615,2228111 446666
J368,junction,454058,252551.1,6648816.4,r572 r577 r578 r579,417293 443801 445062 446650
J369,junction,CN163,252552.36000000002,6648069.540000002,r598 r602 r647,405624 405634 405635
J370,junction,CN164,252574.39450000002,6648660.548,r540 r553 r556,405198 405567 443823
J371,junction,2646721,252574.504,6648617.312,r540 r550,2646857 443823
J372,junction,2646821,252576.495,6648722.406,r540 r561,2646948 443823
J373,junction,CN27,252577.36654545454,6648353.864727273,r486 r487 r488 r491 r613 r614 r616,2228112 4021139 443331 445078 445079 446666 446667
J374,junction,454096,252583.839,6648778.734,r540 r568 r569,443823 445109 446697
RB22,roundabout,RB22,252586.65883333332,6648814.238333333,r568 r569 r574 r576 r577 r579 r580 r581,445062 445063 445109 445110 446650 446651 446697 446698
J375,junction,454113,252596.4,6648841.0,r580 r581 r586,443824 445110 446698
J376,junction,454108,252601.47,6648578.28,r538 r540 r541,443823 445108 446696
J377,junction,CN139,252606.91571428571,6648454.373857143,r085 r478 r516,4004435 443332 444470
J378,junction,CN119,252609.31644444438,6648439.945111111,r081 r487 r490,4004436 443331 446147
J379,junction,454131,252613.9,6648805.728999999,r370 r574 r576,443802 445063 446651
J380,junction,2646758,252614.45000000004,6648958.982,r586 r595,2646894 443824
J381,junction,454138,252621.5,6648545.099999999,r518 r527,2736970 405228
J382,junction,CN165,252637.99466666667,6648357.7051111115,r486 r491 r598,405624 445079 446667
J383,junction,2646634,252645.6,6648713.7,r556 r559,2646901 405198
J384,junction,CN105,252652.9590000001,6648587.625133335,r527 r532 r538 r540 r541,2736967 405228 443823 445108 446696
J385,junction,454205,252685.1,6648227.599999999,r598 r600,405441 405624
J386,junction,CN67,252686.5275,6648739.598500001,r556 r557 r560,2646892 2646898 405198
J387,junction,454208,252691.50100000002,6648386.150000001,r486 r491 r500,443810 445079 446667
J388,junction,2646762,252699.58,6648884.41,a015 r573,2646896 ART015
J389,junction,2646761,252705.39099999997,6648803.722,r370 r573,2646896 443802
J390,junction,CN108,252709.72739999997,6648483.0858,r081 r519,2746447 446147
J391,junction,1402817,252723.4,6648921.8,a015 a017 r590,405205 ART015 ART017
J392,junction,2646637,252745.29999999996,6648764.7,r556 r563,2646899 405198
J393,junction,CN100,252746.66,6648255.015000001,r600 r601 r680,2736127 405441 405442
J394,junction,CN61,252759.13916666666,6648431.48838889,r500 r504 r505 r506 r508 r509,2644088 443810 445080 445685 446668 447255
J395,junction,2646757,252759.69,6648955.31,a017 r594,2646893 ART017
J396,junction,454268,252762.6,6648468.599999999,r508 r509 r517,405929 445685 447255
J397,junction,CN109,252768.25100000002,6648501.860999999,r081 r519,2746447 446147
J398,junction,2736879,252776.34,6648634.510000001,r540 r546,2736956 443823
J399,junction,454292,252791.15099999998,6648421.867,r500 r505 r506,443810 445080 446668
J400,junction,454309,252813.7,6648402.8,r496 r497 r500 r501 r503,443810 445081 445634 446669 447211
J401,junction,CN166,252815.78571428574,6648375.838571428,r479 r481 r495 r496 r497,2644086 405363 417525 445634 447211
J402,junction,CN103,252817.32499999998,6648762.784999999,r556 r558 r564,2736962 405198 405199
J403,junction,2644190,252834.39,6648308.95,r479 r612,2644094 405363
J404,junction,454341,252841.4,6648407.7,r500 r501 r503,443810 445081 446669
J405,junction,CN167,252847.162,6648835.439,r370 r556 r582,405198 405204 443802
J406,junction,CN68,252852.75000000003,6648944.749999999,r582 r588 r593,2646902 405204 405206
J407,junction,3921008,252865.67,6650155.36,a006 r455,3921019 ART006
J408,junction,3921007,252866.055,6650142.95,a006 r451,3921017 ART006
J409,junction,3204070,252869.252,6648266.106,a001 r479,405363 ART001
J410,junction,3596885,252871.804,6648269.213,a001 r604,3204089 ART001
J411,junction,454372,252886.21,6648652.72,r540 r554,405390 443823
J412,junction,454377,252893.4,6648187.3,a020 r646,405636 ART020
J413,junction,454380,252896.731,6648866.916,r370 r570,405663 443802
J414,junction,454402,252910.70000000004,6648596.36,r535 r539 r540,443823 445107 446695
J415,junction,1403399,252918.01,6648792.1,r570 r571,2737000 405663
RB23,roundabout,RB23,252920.93690000003,6648569.093599999,r516 r528 r529 r533 r535 r536 r539,443332 445072 445082 445107 446660 446670 446695
J416,junction,454419,252923.20000000004,6648461.8,r498 r500,417892 443810
J417,junction,3596884,252926.553,6648239.375,a020 r477,405314 ART020
J418,junction,454423,252927.747,6648525.258,r500 r528 r529,443810 445082 446670
J419,junction,2644189,252932.70000000004,6648451.5,r498 r514,2644100 417892
J420,junction,454440,252948.6,6648573.3,r533 r536 r537,2479055 445072 446660
J421,junction,1411112,252954.70000000004,6648380.77,r492 r498 r499,2736130 2736178 417892
J422,junction,3333101,252980.87,6648529.510000001,r517 r526,3333102 405929
J423,junction,454497,253020.147,6648789.867,r454 r554,405390 405411
J424,junction,2479050,253027.34,6648582.739999999,r537 r542 r543,2479055 2479058 2479059
J425,junction,2736816,253047.08,6648760.37,r454 r562,2736971 405411
J426,junction,CN104,253051.52550000002,6648939.6955,r370 r554 r589,2736954 405390 443802
J427,junction,1401543,253052.47,6648488.61,r517 r523,2736116 405929
J428,junction,CN102,253058.8855,6648845.149,r554 r584 r585,2736964 3204097 405390
RB24,roundabout,RB24,253065.18714285718,6648596.572857142,r542 r543 r545 r547 r548,2479056 2479057 2479058 2479059 2479061
J429,junction,454543,253093.117,6648946.169,r370 r591 r592,443802 445064 446652
J430,junction,2737008,253100.47,6648761.912,r454 r566,2737007 405411
J431,junction,CN54,253104.52575000003,6648632.583500001,r424 r547 r548 r549 r552,2479056 2479057 2609676 405698 444324
J432,junction,454555,253114.503,6648950.499000001,r370 r591 r592,443802 445064 446652
J433,junction,454563,253132.8,6648316.6,r401 r480,405076 405149
J434,junction,2646769,253148.11,6648962.73,r370 r587,2646903 443802
J435,junction,454576,253153.29999999996,6648401.900000001,r477 r480,405076 405314
J436,junction,2736163,253157.29999999996,6648333.989999999,r401 r611,2736134 405149
J437,junction,2644188,253164.19000000003,6648440.900000001,r480 r512,2644087 405076
J438,junction,2736160,253176.379,6648502.952,r480 r521 r525,2736113 2736114 405076
J439,junction,2736162,253209.4,6648373.2,r401 r483,2736138 405149
J440,junction,454622,253233.07699999996,6648711.528,r424 r555,405697 444324
J441,junction,3142190,253242.897,6648398.853,r401 r482,3142189 405149
J442,junction,2736815,253254.58,6648831.16,r454 r583,2736959 405411
J443,junction,454645,253258.444,6649045.365,r370 r463,405866 443802
J444,junction,CN28,253274.06280000004,6648622.7524,r085 r545,2479061 444470
J445,junction,2736206,253330.75,6648309.47,a012 a014 r605,2736141 ART012 ART014
J446,junction,3142193,253336.78,6648351.11,a014 r484,3142188 ART014
J447,junction,2646686,253347.0,6648965.900000001,r463 r470,2646858 405866
J448,junction,2646760,253352.04,6649041.8,a029 r473,2646895 ART029
J449,junction,2736161,253352.80999999997,6648484.72,r401 r522,2736112 405149
J450,junction,454724,253357.982,6648763.557,r422 r424,405695 444324
J451,junction,3966867,253368.60399999996,6648306.874000001,a012 a016 r599,3966892 ART012 ART016
J452,junction,CN101,253376.21,6648870.07,r452 r453 r454,2736955 2736957 405411
J453,junction,1238887,253383.54,6648367.900000001,r484 r485 r493,2813984 3142188 405319
J454,junction,454741,253386.6,6648719.099999999,r422 r427,405695 405696
J455,junction,454751,253396.70000000004,6648598.8,r402 r404,405318 417451
J456,junction,2736166,253406.49,6648280.31,a016 r480,405076 ART016
J457,junction,454764,253418.6,6648894.400000001,r454 r463,405411 405866
J458,junction,454774,253426.4,6648537.4,r401 r402,405149 405318
J459,junction,2736164,253432.33,6648418.96,r493 r502,2736140 405319
J460,junction,454781,253441.1,6648506.599999999,r398 r402,405318 405404
J461,junction,2646723,253446.68,6649019.69,a029 r470,2646858 ART029
J462,junction,454800,253460.9,6648465.3,r402 r493,405318 405319
J463,junction,454825,253485.253,6648813.767,r424 r433,405694 444324
J464,junction,1239591,253498.1,6648637.4,r405 r414,405152 417263
J465,junction,CN168,253506.4,6648587.599999999,r401 r403 r405,405149 405152 405153
J466,junction,2736812,253507.62,6648780.61,r433 r440,2737002 405694
J467,junction,454858,253513.9,6648361.8,r402 r480,405076 405318
J468,junction,454910,253564.6,6648402.6,r398 r480 r489,405076 405404 417571
J469,junction,1402059,253573.32,6648547.11,r403 r530,2736115 405153
J470,junction,454927,253586.97400000002,6648853.639000001,r424 r441,417881 444324
J471,junction,454949,253610.6,6648430.989999999,r398 r507,405404 405405
J472,junction,454955,253615.3,6648639.5,r401 r407 r415,405149 405151 417262
J473,junction,CN141,253642.30000000002,6648766.671428571,r085 r212 r437,4035770 443325 444470
J474,junction,CN117,253645.4535,6648757.443,r081 r214,4035767 446147
J475,junction,454998,253665.20000000004,6649168.7,r475 r476,405241 405242
J476,junction,455001,253670.29999999996,6648668.3,r401 r419,405149 405150
J477,junction,455010,253673.1,6648516.099999999,r398 r507,405404 405405
J478,junction,1407100,253681.6,6648371.0,r489 r494,2644074 417571
J479,junction,455012,253682.73400000003,6648906.267,r424 r450,405693 444324
J480,junction,1917151,253688.23,6648733.25,r419 r430,1917120 405150
J481,junction,1241091,253688.7,6649120.4,r474 r475,405242 442161
J482,junction,455061,253735.70000000004,6648813.2,r437 r449,443323 443325
J483,junction,1917149,253740.58,6648599.989999999,r398 r409,1917118 405404
J484,junction,455067,253748.5,6648850.0,r319 r437,443321 443325
J485,junction,1917135,253751.61,6648594.69,r399 r408 r409,1917106 1917118 1917119
J486,junction,455082,253768.599,6648738.446,r398 r401,405149 405404
J487,junction,455094,253773.6,6648877.599999999,r319 r458 r459,443321 444489 446148
J488,junction,455099,253776.156,6648830.478,r319 r449,443321 443323
J489,junction,CN169,253778.2765,6648921.1955,r424 r464 r466 r468,439684 444324 445070 446658
J490,junction,1241078,253782.9,6648976.0,r468 r471,439684 442130
RB25,roundabout,RB25,253802.4236666667,6648891.598416665,r456 r457 r458 r459 r462 r464 r465 r466,444489 444490 445069 445070 446148 446149 446657 446658
J491,junction,455150,253805.79999999996,6648857.400000001,r442 r456 r457,443322 444490 446149
J492,junction,CN98,253814.45600000006,6648738.581333335,r318 r401,405149 405555
J493,junction,CN87,253819.18712500003,6648782.721375001,r318 r438 r442 r444,2670241 2670242 405555 443322
J494,junction,455174,253827.20000000004,6648911.5,r462 r465 r467,443805 445069 446657
J495,junction,455191,253845.12,6648685.72,r318 r400,1917105 405555
J496,junction,2670219,253848.1,6648790.8,r438 r444 r445,2670241 2670242 443324
J497,junction,455202,253853.634,6649319.743,a026 r476,405241 ART026
J498,junction,2736155,253854.14,6648648.849999999,r400 r413,1917105 2736110
J499,junction,3363839,253873.78,6648775.54,r423 r439,3363840 405474
J500,junction,2646754,253877.834,6648949.298,r467 r469,2646891 443805
J501,junction,1917147,253879.79,6648685.68,r318 r410,1917117 405555
J502,junction,2736154,253881.14,6648678.150000001,r410 r416,1917117 2736111
J503,junction,1238835,253904.92,6648887.86,r328 r460,405269 417417
J504,junction,1917148,253907.26,6648598.22,r406 r410,1917117 3204083
J505,junction,2736854,253908.4,6649256.7,a026 r454,405411 ART026
J506,junction,CN97,253929.68899999998,6648708.6015,r318 r418 r423,2736133 405474 405555
J507,junction,2646752,253942.948,6648997.43,r467 r472,2646890 443805
J508,junction,CN170,253972.35,6648743.7,r318 r426 r428,405555 405557 405558
J509,junction,CN171,253987.69999999998,6648719.649999999,r411 r426 r428,405557 405558 417780
J510,junction,3921009,254053.43,6648925.733,a028 r455,3921019 ART028
J511,junction,455497,254071.668,6649384.551,r369 r371,445066 446654
J512,junction,CN07,254075.00719999996,6649056.117199999,r235 r354 r467,443805 443807 445074
J513,junction,455510,254078.0,6648793.0,r318 r420,405555 417625
J514,junction,2644193,254083.05999999997,6648732.04,r420 r421,2644073 417625
J515,junction,CN173,254090.59999999998,6649085.3,r353 r354 r356 r357,417880 443806 445074 446662
J516,junction,CN172,254094.091,6649052.553499999,r235 r345 r353,443807 445617 446662
J517,junction,1407809,254098.15,6648680.64,r417 r420,2644072 417625
J518,junction,CN138,254099.1535,6649031.646499999,r328 r340 r345 r346,3966889 405269 445617 447196
J519,junction,CN50,254101.7108333334,6649381.393499999,r369 r371 r381 r382,445066 445127 446654 446715
J520,junction,455557,254107.6,6649408.8,r381 r382 r387,443831 445127 446715
J521,junction,455566,254109.384,6649048.083,r235 r346,443807 447196
J522,junction,3966870,254113.667,6648993.833,a028 r340,3966889 ART028
J523,junction,455581,254121.1,6649500.9,a011 r387,443831 ART011
J524,junction,455584,254121.636,6648851.667,r312 r317,405807 405808
J525,junction,455614,254135.29999999996,6649360.7,r369 r370 r371,443802 445066 446654
J526,junction,2735695,254152.01,6649117.330000001,r356 r358,2735727 443806
J527,junction,CN96,254152.81999999998,6648800.914999999,r318 r425 r447,2736143 405555 417779
J528,junction,1220491,254153.403,6649484.722,a011 r397,1220490 ART011
J529,junction,2736146,254171.83,6648801.91,r318 r446,2736137 405555
J530,junction,CN95,254172.0,6648820.300000001,r316 r317 r446 r447 r448,2736137 2736143 3606937 405806 405807
J531,junction,3377247,254202.5,6649245.400000001,r343 r362,3377249 405236
J532,junction,2736150,254216.76,6648893.66,r316 r327 r330,2736136 3822524 405806
J533,junction,2646684,254218.20000000004,6649102.2,r348 r352,2646831 405270
J534,junction,CN132,254228.51049999997,6648800.028500001,r318 r322 r443,3606926 405555 417778
J535,junction,3966854,254231.084,6649002.121,r335 r337,3966888 3966893
J536,junction,455749,254241.79999999996,6649158.599999999,r352 r356,405270 443806
J537,junction,2736151,254285.05999999997,6648868.98,r322 r327,2736136 417778
J538,junction,455782,254289.183,6649031.433000001,r235 r344,405093 443807
J539,junction,455795,254296.5,6649355.5,r343 r366,405236 405237
RB26,roundabout,RB26,254296.5356666667,6649401.528333333,r343 r370 r384,405236 443802 443803
J540,junction,455804,254300.9,6648798.2,r318 r435,405555 417777
J541,junction,455806,254301.70000000004,6649224.099999999,r344 r356,405093 443806
J542,junction,CN125,254303.17740000002,6648967.966199999,r212 r319,4035770 443321
J543,junction,2736855,254304.1,6649323.900000001,r343 r365,2736998 405236
J544,junction,2736149,254307.6,6648757.7,r429 r435,2736148 417777
J545,junction,2735699,254309.79999999996,6649305.8,r343 r364,2735729 405236
J546,junction,2735694,254323.4,6649077.900000001,r344 r355,2735728 405093
J547,junction,2670204,254333.1,6649405.599999999,r384 r385 r386,2670230 2670231 443803
J548,junction,455841,254344.9,6649138.2,r257 r344,405093 405327
J549,junction,2736147,254355.812,6648808.919999999,r313 r318,2736139 405555
J550,junction,CN13,254374.9015,6649413.445374999,r385 r386 r390 r391,1814558 1814559 2670230 2670231
J551,junction,455938,254411.8,6649439.2,r300 r396,1814556 405329
RB27,roundabout,RB27,254416.16124999998,6649424.522874999,r389 r390 r391 r393 r394 r396,1814555 1814556 1814558 1814559 1814560 1814562
J552,junction,3822483,254418.901,6649039.67,r335 r350,3822521 3966888
J553,junction,CN94,254426.91799999998,6649397.544,r364 r380 r389,1814555 2735729 405178
J554,junction,455964,254430.68000000002,6648829.95,r318 r320,405555 417776
J555,junction,CN14,254454.108,6649429.133799999,r084 r393 r394,1814560 1814562 443804
J556,junction,3204448,254469.607,6648841.124000001,r318 r323,3204451 405555
J557,junction,2814001,254470.1,6649220.900000001,r257 r361,2813992 405327
J558,junction,CN133,254520.04750000002,6649128.780500001,r235 r350 r359,3822521 417875 443807
J559,junction,2735701,254521.4,6649256.5,r257 r363,2735734 405327
J560,junction,CN115,254559.71472727277,6649368.596545455,r084 r356,443804 443806
J561,junction,3204447,254577.461,6648889.801,r318 r329,3204452 405555
J562,junction,456168,254586.877,6649166.276,r235 r360,2646830 443807
J563,junction,456216,254640.99,6649196.588999999,r230 r235,405346 443807
J564,junction,CN11,254649.4222,6648846.970400001,r315 r324 r326,2537713 3606921 417475
J565,junction,3101148,254661.513,6649414.721,r084 r292,3101147 443804
J566,junction,2735693,254678.04,6649177.93,r230 r231,2735733 405346
J567,junction,456263,254683.71,6648964.56,r318 r331,405135 405555
J568,junction,456321,254738.48400000003,6649246.435,r235 r250,405134 443807
J569,junction,2735692,254738.52,6649175.39,r230 r231,2735733 405346
J570,junction,3101151,254739.71,6649463.15,r292 r294,3101147 3204419
J571,junction,3101152,254779.133,6649483.678,r294 r298,3101146 3204419
J572,junction,456410,254798.34,6648874.099999999,r309 r326,405335 417475
J573,junction,CN33,254798.696,6649025.447000001,r318 r336 r339,2537714 405555 417775
J574,junction,456415,254799.72,6648921.2,r309 r331,405135 405335
J575,junction,CN106,254807.19950000002,6649636.208500001,r300 r301 r304,2737955 2737957 405329
J576,junction,1240849,254817.64,6649354.56,r250 r283,2735732 405134
J577,junction,456482,254845.629,6649483.576,r084 r297,443804 445627
J578,junction,456502,254858.6,6649501.7,r141 r296 r297,405328 445627 447204
J579,junction,2537572,254862.9,6649067.2,r318 r347 r351,2537715 3419452 405555
J580,junction,CN174,254865.72771428572,6649468.189428573,r084 r257 r289 r290 r296,2670232 2670237 405327 443804 447204
J581,junction,3101150,254887.824,6649520.19,r141 r298,3101146 405328
J582,junction,2670206,254892.374,6649433.91,r084 r286 r289 r290,2670232 2670237 2735725 443804
J583,junction,456560,254905.554,6649284.798,r235 r260,417874 443807
J584,junction,2735691,254907.75,6649401.81,r280 r285,2647998 2735724
J585,junction,2648106,254912.1,6649411.3,r084 r280,2647998 443804
J586,junction,3966853,254934.04299999998,6649096.272999999,r218 r351,3419452 3966890
J587,junction,456616,254938.0,6649697.5,r300 r307,405329 417466
J588,junction,2737699,254945.70000000004,6649739.3,r307 r308,2737956 417466
J589,junction,2670207,255008.72,6649424.16,r084 r287 r288,2670233 2670234 443804
J590,junction,456759,255026.077,6649745.946,r196 r300,405313 405329
J591,junction,3822510,255033.552,6649066.287,r333 r351,3419452 3822523
J592,junction,CN135,255037.887,6649219.415,r215 r241,3921014 3921020
J593,junction,CN175,255040.79149999996,6649421.799,r084 r108 r287 r288,2670233 2670234 405148 443804
J594,junction,2648128,255041.655,6649359.474,r235 r279,2648023 443807
J595,junction,CN134,255042.7355,6649206.2870000005,r213 r239,3921015 3921021
J596,junction,2735698,255054.219,6649666.352000001,r196 r305,2735726 405313
J597,junction,456799,255055.6,6649507.989999999,r108 r295,405148 417260
J598,junction,CN19,255075.38249999998,6649617.795499999,r141 r196 r299,1917116 405313 405328
J599,junction,456848,255090.54,6649396.721,r235 r263,417781 443807
J600,junction,CN78,255107.51200000002,6649636.911499999,r141 r302 r303,2648019 2814273 405328
J601,junction,1917131,255108.04,6649601.52,r196 r299,1917116 405313
J602,junction,1915943,255109.34,6648848.510000001,r310 r311 r325,1915877 1915879 2537706
J603,junction,CN124,255133.63,6649114.455000001,r218 r224 r351,3419451 3419452 3966890
J604,junction,3822500,255133.68000000002,6649299.169999999,r261 r263,3822513 417781
J605,junction,456914,255138.9,6649571.7,r108 r196,405148 405313
J606,junction,CN18,255138.9862,6648944.9714,r325 r332 r333,1915877 3822512 3822523
J607,junction,3204437,255154.4,6649007.35,r332 r342,3204455 3822512
J608,junction,2670208,255164.96199999997,6649448.213,r084 r291 r293,2670235 2670236 443804
J609,junction,2537549,255167.15,6649036.45,r342 r349,1915881 3204455
J610,junction,CN86,255188.38375,6649445.24275,r084 r235 r291 r293,2670235 2670236 443804 443807
J611,junction,2737698,255189.512,6649687.342999999,r141 r306,2737954 405328
J612,junction,CN131,255230.00950000001,6649586.308499999,r108 r109,3598762 405148
J613,junction,2739889,255236.27,6649324.92,r261 r277,1220541 3822513
J614,junction,457046,255243.2,6649100.7,r219 r349 r351,1915881 3419452 405247
J615,junction,457068,255256.6,6649115.3,r219 r220,405247 417409
J616,junction,CN140,255260.546,6649314.0631428575,r070 r085 r212,4035770 443320 444470
J617,junction,3139727,255262.86,6649010.23,r338 r341,1915875 3197474
J618,junction,2735690,255266.41,6648838.099999999,r314 r321,2537702 2735763
J619,junction,CN116,255268.18728571432,6649302.9995714305,r081 r082 r214,4035767 443319 446147
J620,junction,1220544,255270.03,6649339.7,r277 r282,1220540 1220541
J621,junction,CN81,255286.69639999996,6649745.215600001,r141 r144 r152 r160 r165 r171,2648012 2648014 2648016 3204422 3204423 405328
J622,junction,457163,255321.79999999996,6649589.2,r101 r108,405147 405148
J623,junction,457259,255373.20000000004,6649797.0,r141 r179,405328 417464
J624,junction,457267,255375.9,6649336.900000001,r082 r258,443318 443319
J625,junction,1915962,255383.318,6649282.78,r249 r251,1915898 3204457
J626,junction,2815447,255383.4,6648968.02,a013 r321,2735763 ART013
J627,junction,1915933,255386.09,6649243.72,r237 r248 r249,1915867 1915897 1915898
J628,junction,1915946,255391.93,6649039.79,a010 r349,1915881 ART010
J629,junction,457302,255393.035,6649204.517,r219 r223 r237,1915867 405247 405979
J630,junction,2739872,255397.22899999996,6649005.838,a010 a013 r341,1915875 ART010 ART013
J631,junction,CN176,255399.03999999995,6649357.540000002,r080 r081,443317 446147
J632,junction,457398,255451.79999999996,6649837.69,r141 r190,405328 417463
J633,junction,457447,255478.4,6649757.8,r108 r136,405148 417261
J634,junction,CN70,255519.85090909086,6649249.468181819,r226 r247 r252,2647317 405945 442460
J635,junction,457517,255526.156,6649630.77,r084 r128,405393 443804
J636,junction,CN80,255529.291,6649868.085,r108 r141 r195 r198 r199,2648013 2648018 405148 405328 417462
J637,junction,CN84,255537.9825,6649647.3535,r128 r129 r133,2654745 405393 417546
J638,junction,CN77,255563.75729999997,6649775.458399999,r108 r128 r150 r156 r177,2648004 2648011 405148 405393 405394
J639,junction,CN177,255571.05714285714,6649308.742857143,r074 r076 r217,443314 444259 444870
J640,junction,457561,255575.6,6649450.400000001,r074 r082,443319 444259
J641,junction,CN85,255578.2454285714,6649596.532571428,r070 r074 r115,2659404 443320 444259
J642,junction,CN179,255583.81999999998,6649450.599999999,r069 r085,443315 444470
J643,junction,CN178,255584.16,6649272.640000001,r217 r258,443318 444870
J644,junction,CN09,255585.38823529406,6649311.158823528,r069 r074 r216 r253 r255 r268 r276,443315 443316 444259 444478 446458 447635 447637
J645,junction,CN10,255588.74,6649311.239999999,r076 r254 r268,443314 444478 447636
J646,junction,2659393,255591.064,6649584.302,r074 r113,2659403 444259
J647,junction,CN79,255598.82499999998,6649897.375,r141 r201 r202,2648017 405328 417461
J648,junction,457622,255602.1,6649267.8,r216 r253 r254 r255,446458 447635 447636 447637
J649,junction,1424810,255606.72,6649206.65,r226 r238,2647323 442460
J650,junction,1405658,255607.76,6649983.24,a018 r202,417461 ART018
J651,junction,2814040,255607.89,6650032.93,a018 r208,2813982 ART018
J652,junction,CN82,255613.02500000002,6650047.785,r196 r208,2813982 405313
J653,junction,457653,255622.0,6649421.3,r080 r276,443316 443317
J654,junction,457669,255637.70000000004,6649308.400000001,r073 r247,405162 405945
J655,junction,3605661,255641.07699999996,6649351.36,r073 r077,405162 417265
J656,junction,2647256,255647.36,6649223.37,r073 r238,2647323 405162
J657,junction,457698,255655.18000000002,6649161.82,r073 r228,405162 405291
J658,junction,2735697,255670.79999999996,6649878.7,r193 r197,2735730 418116
J659,junction,CN180,255674.74,6649494.400000001,r076 r081,443314 446147
J660,junction,2648140,255675.891,6649828.859,r167 r186,2648034 2813983
J661,junction,457748,255685.26,6649557.04,r084 r102 r105 r106,2670228 443804 445067 446655
J662,junction,1407841,255708.2,6649579.87,r102 r110,2670228 418396
J663,junction,457791,255719.0,6649544.9,r076 r104,1857388 443314
J664,junction,457792,255721.4,6649188.400000001,r228 r232,405291 405375
J665,junction,3204441,255734.361,6649278.198,r232 r259,3204456 405375
J666,junction,457809,255735.18,6649598.939,r110 r111 r112 r121,418396 418397 445990 447518
J667,junction,CN181,255743.42566666668,6649585.464333332,r105 r106 r111 r112,445067 445990 446655 447518
J668,junction,CN93,255752.54700000002,6649923.603000001,r141 r193 r204,2735731 405328 418116
J669,junction,457839,255756.70000000004,6649326.599999999,r232 r278,405375 417530
J670,junction,2647261,255757.6,6649206.7,r228 r229,2647312 405291
J671,junction,2648060,255760.25,6649750.7,r150 r167,2648034 405394
J672,junction,2647262,255774.02,6649170.89,r225 r227 r229,2647301 2647302 2647312
J673,junction,1407842,255774.37,6649625.99,r121 r127,2648033 418397
J674,junction,2735688,255778.45000000004,6649471.94,r073 r089,2735762 405162
J675,junction,457877,255781.767,6649608.356,r084 r105 r106,443804 445067 446655
J676,junction,2648061,255789.56999999998,6649774.09,r150 r176,2648007 405394
J677,junction,457889,255795.003,6650036.11,r191 r209,417068 443839
J678,junction,457893,255819.80999999997,6649949.14,r141 r191,405328 443839
J679,junction,457930,255824.61399999997,6650043.684,r209 r211,417068 417075
J680,junction,CN17,255833.87600000002,6649623.150800001,r085 r104 r125,1857387 1857388 444470
J681,junction,457944,255834.9,6649350.099999999,r078 r232,405168 405375
J682,junction,457965,255837.698,6649595.974,r080 r119,443313 443317
J683,junction,CN73,255839.80000000002,6649243.25,r078 r228 r233,2647316 405168 405291
J684,junction,CN76,255847.62142857147,6649823.649999999,r140 r150 r182 r184,2648003 2648006 405137 405394
J685,junction,1240846,255859.485,6649513.729,r073 r100,2647304 405162
J686,junction,2648102,255861.69700000001,6649884.522999999,r183 r191,2647996 443839
J687,junction,457982,255863.667,6650040.456,r205 r209,417068 417069
J688,junction,2648063,255886.97,6649855.830000001,r150 r183,2647996 405394
J689,junction,2647273,255899.70000000004,6649409.19,r075 r078,2647299 405168
J690,junction,458034,255902.0,6649644.915,r080 r122,443308 443317
J691,junction,CN120,255917.5705,6649229.844250001,r078 r234 r242 r245 r246,3175365 3175366 3822568 405168 417281
J692,junction,458058,255917.991,6649701.834,r084 r146 r147,443804 445068 446656
J693,junction,CN182,255932.16,6649669.88,r081 r122,443308 446147
J694,junction,458062,255947.264,6649840.98,r181 r185 r191,443839 445137 446725
J695,junction,CN72,255947.76450000002,6649415.1685,r078 r079 r281,2647298 2647305 405168
J696,junction,458125,255954.1,6649675.1,r137 r138,445983 447512
J697,junction,3822554,255957.88,6649191.72,a008 r234,3822568 ART008
RB28,roundabout,RB28,255960.74761538455,6649703.391384616,r130 r132 r137 r138 r146 r147 r148 r149 r153 r157,3483764 3483765 443305 443306 443309 443310 445068 445983 446656 447512
J698,junction,CN92,255970.41549999997,6649960.494,r034 r042 r044,2672707 2672710 2672734
RB29,roundabout,RB29,255972.67812499995,6649815.334749999,r153 r157 r168 r172 r181 r185,2189651 2189660 443305 443310 445137 446725
J699,junction,CN91,255978.934,6649987.622,r040 r044 r047 r049,2672707 2672716 2672741 2672743
J700,junction,2647291,255981.85,6649200.57,a008 r222,2647314 ART008
J701,junction,458164,255982.9,6649507.599999999,r072 r078,405160 405168
J702,junction,2647265,255984.0,6649130.4,r221 r222,2647314 405091
J703,junction,CN74,255999.948,6649713.632,r145 r149 r151,2648010 3483764 418354
J704,junction,CN75,256000.21275,6649700.2115,r131 r143 r145 r148,3483765 418352 418353 418354
RB30,roundabout,RB30,256005.93642857144,6649630.043714286,r116 r117 r119 r122 r130 r132,443306 443308 443309 443313 445138 446726
J705,junction,458214,256020.4,6649589.900000001,r093 r116 r117,443840 445138 446726
J706,junction,2745083,256020.862,6650043.974,r060 r066,2672711 2745382
J707,junction,CN16,256059.09999999998,6649749.25,r125 r169,1857387 443368
J708,junction,1407834,256059.4,6649705.0,r134 r143,418353 418388
J709,junction,458250,256060.5,6649766.099999999,r169 r172 r173,2189651 2189652 443368
J710,junction,1240792,256064.0,6649575.0,a025 r068,405112 ART025
J711,junction,458258,256067.9,6649564.2,r068 r078,405112 405168
J712,junction,458259,256068.9,6649651.099999999,r131 r134,418352 418388
J713,junction,CN22,256077.19499999998,6649785.785,r168 r173 r174,2189652 2189660 2189662
J714,junction,3748282,256078.099,6650058.347,a004 r066,2672711 ART004
J715,junction,2745084,256084.444,6650064.769,a004 r063,2745381 ART004
J716,junction,2672631,256091.642,6649995.658,r049 r051,2672743 615308
J717,junction,2745263,256094.565,6650038.969,a002 r063,2745381 ART002
J718,junction,3605684,256096.43,6649903.06,r189 r203,2647995 3605691
J719,junction,2672667,256099.976,6650040.97,a002 r065,2672723 ART002
J720,junction,1471821,256102.12,6649996.95,r033 r051,615308 615323
J721,junction,2647992,256110.222,6649715.152,r143 r151,2648010 418353
J722,junction,458313,256113.02,6649844.77,r188 r192,3822567 417254
J723,junction,458297,256119.247,6649661.558,r114 r131,2815720 418352
J724,junction,3152357,256126.19000000003,6650050.400000001,r065 r067,2672723 3152351
J725,junction,1935608,256137.73,6650054.58,a022 r065,2672723 ART022
J726,junction,2815729,256139.41,6649588.11,a025 r114,2815720 ART025
J727,junction,2672630,256154.97,6650016.69,r051 r053,2672721 615308
J728,junction,3770650,256180.84,6650002.51,a022 r053,2672721 ART022
J729,junction,1239590,256200.428,6649836.439,r187 r188,405136 417254
J730,junction,458366,256207.79999999996,6649489.8,r091 r093 r094,443840 445139 446727
J731,junction,2672629,256217.409,6650040.403,r051 r064,2672717 615308
J732,junction,458410,256239.70000000004,6649532.2,r098 r099 r103,443841 445140 446728
RB31,roundabout,RB31,256240.12983333343,6649489.014750002,r087 r088 r091 r092 r094 r097 r098 r099,445139 445140 445673 445994 446727 446728 447245 447522
J733,junction,CN83,256249.51499999998,6649846.935,r187 r189 r194,2647995 3822559 405136
J734,junction,2648052,256250.57,6649656.46,r107 r118,1917115 2648050
J735,junction,CN89,256251.00099999996,6650033.4025,r030 r051 r058,2672730 604669 615308
J736,junction,CN71,256252.94500000004,6649458.305,r071 r083 r087 r088,2647321 405788 445673 447245
J737,junction,3770688,256259.255,6649879.92,r029 r194,3770707 3822559
J738,junction,CN23,256261.79959999994,6649765.058000001,r085 r168,2189660 444470
J739,junction,2672641,256262.893,6650029.356,r054 r058 r059,2672689 2672730 2672731
J740,junction,2648051,256267.20000000004,6649589.96,r107 r118,1917115 2648050
J741,junction,3748353,256271.12,6649911.17,r029 r033,3770707 615323
J742,junction,458451,256274.4,6649492.099999999,r092 r096 r097,417965 445994 447522
J743,junction,458460,256285.29999999996,6649832.599999999,r178 r187,405136 443842
J744,junction,458461,256285.79999999996,6649737.0,r103 r159 r161,443841 445141 446729
J745,junction,CN24,256294.68080000006,6649773.848,r085 r174,2189662 444470
J746,junction,458497,256306.09699999998,6649791.602000001,r164 r166 r178,443842 445142 446730
RB32,roundabout,RB32,256314.55000000002,6649739.600000001,r154 r155 r159 r161 r162 r164 r166,444329 445141 445142 445993 446729 446730 447521
J747,junction,458506,256319.09,6649720.7,r139 r154 r155,417964 445993 447521
J748,junction,3770675,256320.49,6649981.56,r038 r046,3770708 606330
J749,junction,1917145,256324.33,6649571.580000001,r096 r107,1917115 417965
J750,junction,3034364,256325.99,6650027.12,r038 r057,3034353 606330
J751,junction,627991,256330.9,6649885.0,r026 r027 r030,604669 626376 627172
J752,junction,1424554,256333.6,6649782.5,r015 r085,444470 625751
J753,junction,2672180,256335.326,6650063.057,r038 r062,2672336 606330
J754,junction,1425951,256336.5,6649771.2,r012 r081,446147 626896
RB33,roundabout,RB33,256338.53724999996,6649856.074375001,r020 r025 r026 r027 r178,443842 604667 605395 626376 627172
J755,junction,1425306,256344.186,6649740.9,r010 r162,444329 604008
J756,junction,1246082,256360.198,6649805.596,r019 r020,604667 625353
J757,junction,628048,256377.73,6649750.088,r009 r010,604008 607183
J758,junction,CN107,256378.4,6649961.1195,r036 r038 r043,2745383 3770711 606330
J759,junction,CN90,256384.71180000002,6649722.663399999,r005 r008 r009,2672696 607183 615334
J760,junction,CN183,256388.84,6649785.919999999,r012 r016,625349 626896
J761,junction,2672646,256423.019,6649745.046,r008 r011,2672696 2672719
J762,junction,1935603,256424.20000000004,6650038.12,r056 r061,1935559 615316
J763,junction,2672634,256425.334,6649599.080000001,r001 r002,2052506 2672720
J764,junction,CN88,256426.68045454554,6649953.346090907,r025 r028 r031 r032 r035 r037 r038 r039 r045 r050 r052 r056,2672331 2672332 2672333 2672334 2672337 2672373 2672374 2745384 605395 606145 606330 615316
J765,junction,CN20,256426.883,6649642.232333333,r001 r004 r005 r007,2052506 2672729 3287886 615334
J766,junction,CN184,256448.58,6649824.720000002,r015 r019,625353 625751
J767,junction,CN185,256455.5508571428,6649788.883428571,r010 r014,604008 615309
J768,junction,2672176,256467.355,6650059.416,r025 r055,2672370 605395
J769,junction,CN21,256471.30920000002,6649644.5456,r003 r005 r006,2052507 3029197 615334
B01,boundary,0.07948881@2802005,248152.787,6649041.769,r984,2802005
B02,boundary,3182405,248174.59,6649026.59,r985,2802004
B03,boundary,451273,248206.016,6647728.0,r1055,418200
B04,boundary,451321,248250.6,6646912.4,r893,405243
B05,boundary,451386,248298.3,6647443.9,r987,445160
B06,boundary,3078541,248309.411,6647459.341,r994,446748
B07,boundary,451420,248325.4,6646916.1,r894,405462
B08,boundary,1403975,248328.2,6647255.9,r936,405737
B09,boundary,2538502,248376.49,6647404.78,r972,2538749
B10,boundary,2541041,248377.17,6647019.66,r904,2541126
B11,boundary,2538577,248378.99,6646973.27,r902,2538721
B12,boundary,1406402,248397.04,6647970.02,r1074,417542
B13,boundary,2538504,248414.59,6648010.2,r1139,2538622
B14,boundary,2538513,248415.59,6647743.56,r1054,2538631
B15,boundary,1402834,248427.219,6647248.5,r933,405623
B16,boundary,3074978,248441.0,6646918.6,r895,443790
B17,boundary,1406401,248461.92,6647767.35,r1071,417541
B18,boundary,3076151,248499.8,6648457.8,r1159,444229
B19,boundary,2815773,248503.91,6647688.34,r1052,2538633
B20,boundary,2538518,248516.51,6647602.39,r1028,2538636
B21,boundary,2538545,248528.85,6647980.69,r1125,2538666
B22,boundary,2538540,248568.74,6647905.26,r1110,2538660
B23,boundary,2538548,248589.0,6647496.23,r1005,2538669
B24,boundary,2538541,248594.04,6647909.18,r1112,2538661
B25,boundary,1402833,248597.6,6646985.1,r903,405622
B26,boundary,1663042,248621.74,6647864.39,r1063,1221147
B27,boundary,1410489,248624.0,6647101.5,r906,417831
B28,boundary,1410494,248639.5,6647184.1,r910,417837
B29,boundary,3077074,248656.32,6646466.839,r085,444470
B30,boundary,1402832,248666.64,6647195.49,r918,405620
B31,boundary,3078128,248672.58,6646460.059,r081,446147
B32,boundary,2538521,248677.19,6647672.71,r1040,2538639
B33,boundary,1663189,248679.52,6647816.17,r1084,1221167
B34,boundary,2538551,248683.49,6647919.26,r1114,2538673
B35,boundary,2538566,248698.07,6647669.53,r1043,2538709
B36,boundary,3080395,248711.29,6647777.99,r1073,1934808
B37,boundary,3587271,248719.976,6646957.524,r898,3587526
B38,boundary,3548551,248719.98,6647802.96,r1079,3548569
B39,boundary,2538508,248747.032,6647403.621,r971,2538626
B40,boundary,1403957,248749.34,6647082.11,r905,405321
B41,boundary,451847,248764.5,6648366.1,r1182,418138
B42,boundary,451851,248773.42,6646898.18,r889,405890
B43,boundary,2538564,248775.0,6647723.55,r1050,2538706
B44,boundary,2541051,248811.01,6648180.33,r1154,2541117
B45,boundary,1414237,248816.71,6648402.9,r1187,418140
B46,boundary,1410492,248827.6,6647381.5,r952,417834
B47,boundary,3366883,248849.67,6648146.39,r1160,3366888
B48,boundary,1240771,248851.458,6647475.242,r990,405110
B49,boundary,3366881,248859.56,6648178.08,r1153,3366886
B50,boundary,3587316,248862.566,6647438.941,r982,417836
B51,boundary,1403103,248871.9,6647652.5,r1025,405245
B52,boundary,2538510,248873.03,6647538.17,r1004,2538628
B53,boundary,1414235,248873.4,6648347.1,r1177,418137
B54,boundary,2538507,248873.76,6647178.16,r908,2538625
B55,boundary,3587299,248893.82,6647320.419,r954,3587540
B56,boundary,3820213,248898.06,6648118.28,r1158,3366887
B57,boundary,1410496,248902.4,6647253.2,r925,417839
B58,boundary,3587301,248935.114,6647350.973,r957,3587541
B59,boundary,1410497,248961.6,6647691.1,r1057,417840
B60,boundary,1410491,248963.1,6647593.8,r992,417833
B61,boundary,1401274,249021.32,6646969.39,r901,405891
B62,boundary,1411095,249024.4,6647607.3,r999,417872
B63,boundary,452189,249071.1,6646754.32,r887,443794
B64,boundary,3073177,249082.23,6648282.65,r1169,442405
B65,boundary,1414234,249085.6,6648261.3,r1165,418136
B66,boundary,3067892,249115.4,6647272.5,r914,405618
B67,boundary,3083069,249138.74,6647539.27,r1012,2538695
B68,boundary,2538565,249182.31,6647211.41,r912,2538707
B69,boundary,2538493,249204.2,6647970.3,r1127,2538664
B70,boundary,2538517,249238.99,6647350.54,r953,2538634
B71,boundary,1405681,249255.63,6648060.57,r1131,418254
B72,boundary,1424704,249280.839,6648337.26,r1162,3581690
B73,boundary,3067940,249283.7,6647921.8,r1102,405943
B74,boundary,3078493,249292.05,6647860.71,r1088,446679
B75,boundary,2538385,249346.536,6647656.207,r1047,2538687
B76,boundary,CN39,249393.93000000002,6647747.826666667,r1036,418341
B77,boundary,1407125,249407.3,6647609.0,r1031,418342
B78,boundary,3549945,249410.71,6647155.62,r913,3549974
B79,boundary,2538384,249414.703,6647621.5,r1035,2538684
B80,boundary,1407126,249420.09,6647612.1,r1029,418343
B81,boundary,1402055,249425.74,6648463.15,r1204,405146
B82,boundary,1404992,249452.7,6647112.0,r907,417412
B83,boundary,2538563,249483.71,6647308.3,r948,2538703
B84,boundary,452614,249507.7,6648529.5,r1203,405145
B85,boundary,3587495,249534.3,6648309.95,r1180,3587606
B86,boundary,3311935,249559.71,6648210.5,r1123,444287
B87,boundary,3587147,249581.961,6648288.143,r1174,3587613
B88,boundary,3963486,249584.223,6647523.584,r1008,3963488
B89,boundary,1411086,249634.05,6648305.02,r1178,417859
B90,boundary,1403698,249643.15,6648152.07,r1122,405308
B91,boundary,1400584,249651.973,6648528.368,r1202,405387
B92,boundary,1403398,249663.3,6648281.8,r1175,405662
B93,boundary,3605109,249713.67,6647997.24,r858,3605179
B94,boundary,4060523,249713.705,6647850.634,r832,4060524
B95,boundary,2538549,249716.75,6647298.77,r932,2538670
B96,boundary,1411088,249735.4,6648467.3,r1193,417862
B97,boundary,1407124,249747.27,6647996.93,r859,418340
B98,boundary,3605108,249772.886,6647579.38,r806,417931
B99,boundary,1411754,249800.19,6647855.17,r838,417933
B100,boundary,1663190,249803.44,6648429.73,r1190,1221168
B101,boundary,2643191,249828.55,6648504.34,r1206,2643348
B102,boundary,2815778,249855.322,6648043.913,r871,2815771
B103,boundary,452909,249871.4,6648693.6,r1201,443626
B104,boundary,452913,249879.2,6647912.9,r840,405879
B105,boundary,1411755,249941.28,6648012.44,r862,417934
B106,boundary,1220921,249974.031,6647843.0,r837,405062
B107,boundary,2538557,250004.32,6647748.54,r829,2538680
B108,boundary,1414240,250008.0,6647930.6,r845,418143
B109,boundary,1414239,250011.203,6647874.0,r839,418142
B110,boundary,2538394,250020.52,6647214.47,r922,2538682
B111,boundary,1401055,250025.6,6647988.9,r834,405878
B112,boundary,1411741,250034.9,6648024.7,r848,417917
B113,boundary,2538552,250089.69,6647760.52,r827,2538675
B114,boundary,2538554,250091.56,6647824.45,r836,2538677
B115,boundary,2538555,250133.19,6647978.2,r841,2538678
B116,boundary,2538558,250173.96,6647808.57,r833,2538681
B117,boundary,2538553,250185.37,6647994.04,r851,2538676
B118,boundary,2538556,250217.41,6648019.2,r852,2538679
B119,boundary,2646819,250278.73,6648053.2,r861,2646946
B120,boundary,1403974,250300.5,6648159.6,r847,405735
B121,boundary,1403973,250321.1,6648173.3,r787,405734
B122,boundary,2646817,250324.5,6647973.42,r853,2646943
B123,boundary,2646808,250345.19,6648092.35,r873,2646934
B124,boundary,2646806,250395.1,6648014.95,r867,2646932
B125,boundary,2646814,250401.086,6648128.2,r882,2646940
B126,boundary,2646810,250405.36,6647945.75,r844,2646936
B127,boundary,2646816,250440.43,6648030.0,r869,2646942
B128,boundary,2646801,250456.26,6647979.29,r854,2646926
B129,boundary,2814392,250474.04,6647956.43,r850,2814284
B130,boundary,2646802,250481.05,6647997.02,r860,2646927
B131,boundary,2814408,250492.43,6648080.52,r875,2814274
B132,boundary,1411109,250617.6,6647795.6,r712,417889
B133,boundary,2646807,250622.42,6648168.29,r885,2646933
B134,boundary,2814379,250652.64,6648088.26,r773,2814295
B135,boundary,2646809,250661.59,6648200.01,r786,2646935
B136,boundary,2814393,250711.09,6648096.94,r775,2814283
B137,boundary,2646815,250753.3,6648272.96,r791,2646941
B138,boundary,1404412,250770.54,6648137.47,r763,418181
B139,boundary,1406358,250776.6,6648397.5,r798,417494
B140,boundary,2815170,250780.206,6648781.889,r788,443814
B141,boundary,1401284,250796.2,6648166.4,r785,405910
B142,boundary,2646818,250869.74,6648277.08,r789,2646945
B143,boundary,2644271,250882.33,6647974.37,r738,2644140
B144,boundary,1241073,250956.06,6648089.86,r774,441689
B145,boundary,1411107,250984.1,6647985.6,r743,417887
B146,boundary,2646805,251037.09,6648391.66,r800,2646931
B147,boundary,3588526,251042.654,6648481.157,r801,405216
B148,boundary,1402820,251071.7,6648312.1,r796,405219
B149,boundary,2646812,251131.16,6648252.16,r792,2646938
B150,boundary,2646811,251150.091,6648324.962,r797,2646937
B151,boundary,453282,251151.978,6648137.863,r692,444326
B152,boundary,3588516,251192.654,6648456.88,r802,405334
B153,boundary,2644274,251213.93,6647999.76,r754,2644145
B154,boundary,453322,251244.4,6648301.5,r790,405176
B155,boundary,1401045,251249.9,6648103.1,r776,405434
B156,boundary,2644273,251252.84,6647947.75,r742,2644144
B157,boundary,2646813,251270.23,6648266.71,r793,2646939
B158,boundary,2644267,251305.07,6647922.3,r730,2644131
B159,boundary,1403718,251360.9,6648087.8,r673,405710
B160,boundary,2644276,251424.98,6647995.02,r752,2644149
B161,boundary,2644275,251437.7,6647938.92,r741,2644147
B162,boundary,1240258,251440.9,6648162.16,r777,417565
B163,boundary,1403958,251469.31,6648391.55,r799,405333
B164,boundary,2644278,251484.31,6647956.14,r734,2644151
B165,boundary,1407095,251503.6,6648196.6,r780,417564
B166,boundary,2644280,251516.03,6647996.08,r753,2644153
B167,boundary,1240850,251567.8,6648410.5,r698,405373
B168,boundary,2646735,251578.97,6648229.68,r681,2646867
B169,boundary,2644222,251578.981,6647877.789,r714,2644083
B170,boundary,2644224,251592.44,6648020.54,r651,2644084
B171,boundary,2646795,251593.51,6648582.11,r703,2646920
B172,boundary,2646793,251633.94,6648366.18,r695,2646918
B173,boundary,1412936,251640.41,6648096.89,r666,417191
B174,boundary,2814394,251669.77,6648504.86,r701,2814282
B175,boundary,2814039,251672.48,6647994.06,r652,2813987
B176,boundary,2644221,251674.49,6647905.0,r721,2644082
B177,boundary,2644220,251685.97,6647912.92,r735,2644081
B178,boundary,2814371,251698.7,6648523.6,r702,2814302
B179,boundary,2814321,251701.203,6648624.699,r692,444326
B180,boundary,2814032,251706.23,6648023.91,r655,2813989
B181,boundary,3596800,251715.514,6647862.58,r719,3596991
B182,boundary,2814378,251737.83,6648435.84,r699,2814269
B183,boundary,1401270,251748.26,6648429.61,r694,405065
B184,boundary,2646820,251772.62,6648651.95,r710,2646947
B185,boundary,3596820,251773.708,6647834.424,r648,405396
B186,boundary,1411106,251780.75,6648242.37,r688,417886
B187,boundary,2814322,251841.182,6648615.678,r632,405174
B188,boundary,2813998,251855.564,6647807.411,r645,405330
B189,boundary,2644243,251856.72,6648099.52,r664,2644104
B190,boundary,2646799,251858.5,6648562.53,r707,2646925
B191,boundary,2644247,251861.94,6647885.96,r732,2644109
B192,boundary,2644241,251881.81,6648000.44,r650,2644101
B193,boundary,2644254,251885.8,6648147.09,r677,2644118
B194,boundary,2644250,251908.39,6647885.6,r731,2644112
B195,boundary,2644244,251924.363,6648131.989,r667,2644105
B196,boundary,1400805,251931.2,6647966.1,r726,405421
B197,boundary,2736187,251931.57,6647927.54,r740,2736119
B198,boundary,2644281,251933.95,6648135.81,r668,2644165
B199,boundary,2644251,251996.98,6648161.02,r674,2644114
B200,boundary,2736188,252001.01,6648024.73,r656,2736120
B201,boundary,3204080,252069.79,6648419.05,r696,3204084
B202,boundary,3204037,252086.26,6648539.81,r706,3204093
B203,boundary,3083494,252090.72,6648125.89,r662,2644168
B204,boundary,2736192,252123.35,6648237.92,r687,2736126
B205,boundary,2736195,252133.54,6648188.56,r686,2736128
B206,boundary,2736198,252135.92,6648157.43,r672,2736131
B207,boundary,2736897,252167.02,6648736.52,r630,2736968
B208,boundary,2736893,252171.21,6648852.32,r643,2736965
B209,boundary,1403112,252222.513,6647909.488,r647,405634
B210,boundary,3631395,252225.5,6648898.6,r644,405345
B211,boundary,1403693,252232.8,6648580.7,r622,405296
B212,boundary,2736875,252249.07,6648645.98,r628,2736953
B213,boundary,4004424,252260.416,6648396.002,r606,3966891
B214,boundary,2736186,252265.19,6648059.12,r658,2736117
B215,boundary,1404348,252278.8,6648249.6,r684,417345
B216,boundary,3363838,252282.5,6648492.5,r620,405049
B217,boundary,3596872,252282.912,6648771.833,r633,3596990
B218,boundary,2736874,252327.448,6648746.988,r631,2736952
B219,boundary,1405656,252330.65,6648085.43,r657,417459
B220,boundary,2736169,252333.4,6647855.3,r598,405624
B221,boundary,1662883,252353.2,6648655.45,r626,1220147
B222,boundary,1406410,252369.36,6648714.95,r627,1220149
B223,boundary,2646790,252385.74,6648585.52,r623,2646916
B224,boundary,2736931,252397.36,6648693.34,r629,2737003
B225,boundary,2736196,252398.99,6648293.41,r603,2736129
B226,boundary,1238779,252403.8,6648981.4,r641,405227
B227,boundary,3596874,252452.513,6648298.242,r608,3597000
B228,boundary,3596873,252456.036,6648277.276,r691,3596963
B229,boundary,3077504,252472.13,6648336.37,r613,445078
B230,boundary,2736887,252491.68,6648762.73,r567,2736961
B231,boundary,3596926,252500.591,6648058.564,r663,3597006
B232,boundary,2736899,252516.04,6648473.45,r518,2736970
B233,boundary,2646777,252517.694,6648749.831,r565,2646907
B234,boundary,2646822,252524.438,6648727.865,r561,2646948
B235,boundary,2646759,252563.7,6648962.86,r595,2646894
B236,boundary,1414171,252572.4,6648877.4,r578,417293
B237,boundary,454130,252613.5,6648976.9,r586,443824
B238,boundary,454137,252619.2,6647918.0,r598,405624
B239,boundary,2646722,252620.73,6648637.58,r550,2646857
B240,boundary,2646767,252631.09,6648755.75,r559,2646901
B241,boundary,1402824,252668.2,6648523.9,r527,405228
B242,boundary,2736896,252678.21,6648561.77,r532,2736967
B243,boundary,2646756,252679.88,6648685.92,r557,2646892
B244,boundary,2644228,252699.37,6648452.43,r504,2644088
B245,boundary,454213,252701.5,6648997.3,r590,405205
B246,boundary,454216,252705.0,6647900.3,r646,405636
B247,boundary,1401047,252721.9,6648167.1,r680,405442
B248,boundary,2736193,252730.22,6648299.12,r601,2736127
B249,boundary,2646764,252745.68,6648722.39,r560,2646898
B250,boundary,2736880,252746.0,6648594.58,r546,2736956
B251,boundary,2646639,252754.1,6649009.46,r594,2646893
B252,boundary,1406387,252755.1,6648333.7,r481,417525
B253,boundary,3078487,252766.087,6648437.84,r506,446668
B254,boundary,2646765,252781.22,6648726.26,r563,2646899
B255,boundary,2646768,252791.33,6648905.38,r588,2646902
B256,boundary,3551037,252823.15,6648311.29,r600,405441
B257,boundary,454329,252830.886,6649025.021,r582,405204
B258,boundary,2736888,252864.34,6648752.85,r564,2736962
B259,boundary,2644234,252880.34,6648335.22,r612,2644094
B260,boundary,1402818,252891.6,6648962.4,r593,405206
B261,boundary,1238776,252899.0,6648724.9,r558,405199
B262,boundary,3204059,252901.0,6648296.17,r604,3204089
B263,boundary,2736928,252902.46,6648811.57,r571,2737000
B264,boundary,2644225,252902.67,6648390.92,r495,2644086
B265,boundary,2736210,252948.62,6648365.45,r492,2736178
B266,boundary,3333100,252974.73,6648510.53,r526,3333102
B267,boundary,2736197,252975.3,6648394.72,r499,2736130
B268,boundary,2644240,252984.45,6648450.86,r514,2644100
B269,boundary,2736877,253013.0,6648911.93,r589,2736954
B270,boundary,3204038,253023.45,6648840.13,r585,3204097
B271,boundary,2736900,253033.73,6648724.49,r562,2736971
B272,boundary,2644187,253071.1,6648270.1,r401,405149
B273,boundary,2736891,253093.05,6648851.89,r584,2736964
B274,boundary,2737009,253105.55,6648807.25,r566,2737007
B275,boundary,2736185,253109.71,6648510.2,r523,2736116
B276,boundary,1403713,253136.85,6648608.781,r549,405698
B277,boundary,2736182,253139.6,6648483.89,r521,2736113
B278,boundary,2646770,253165.97,6648896.82,r587,2646903
B279,boundary,454589,253174.3,6648228.5,r480,405076
B280,boundary,2736201,253179.37,6648300.93,r611,2736134
B281,boundary,1401272,253200.245,6648561.054,r480,405076
B282,boundary,2736183,253225.215,6648526.308,r525,2736114
B283,boundary,2736884,253226.27,6648876.13,r583,2736959
B284,boundary,2736203,253234.42,6648344.25,r483,2736138
B285,boundary,454629,253241.0,6649026.6,r370,443802
B286,boundary,1403712,253258.9,6648657.5,r555,405697
B287,boundary,2644226,253259.43,6648493.25,r512,2644087
B288,boundary,1405651,253286.37,6648561.11,r404,417451
B289,boundary,3142192,253288.78,6648340.45,r482,3142189
B290,boundary,1412337,253296.3,6648280.4,r605,2736141
B291,boundary,1403710,253310.0,6648688.7,r422,405695
B292,boundary,2736181,253338.04,6648506.34,r522,2736112
B293,boundary,2646687,253357.0,6649088.8,r473,2646895
B294,boundary,2736881,253364.67,6648830.44,r453,2736957
B295,boundary,454728,253368.096,6648252.4,r599,3966892
B296,boundary,1403700,253379.99,6648634.89,r402,405318
B297,boundary,3142191,253384.745,6648353.109,r485,2813984
B298,boundary,2736878,253393.45,6648827.84,r452,2736955
B299,boundary,1403711,253429.7,6648733.9,r427,405696
B300,boundary,2736205,253444.48,6648398.82,r502,2736140
B301,boundary,454803,253465.1,6649186.1,r370,443802
B302,boundary,3204067,253479.633,6648335.483,r480,405076
B303,boundary,1413540,253517.9,6648650.1,r414,417263
B304,boundary,1403709,253535.7,6648744.1,r433,405694
B305,boundary,2736930,253535.72,6648793.09,r440,2737002
B306,boundary,2736184,253581.097,6648530.137,r530,2736115
B307,boundary,1411104,253582.6,6648785.6,r441,417881
B308,boundary,1402058,253592.1,6648683.5,r415,405151
B309,boundary,454932,253592.3,6649240.3,r476,405241
B310,boundary,1402057,253665.5,6648728.7,r419,405150
B311,boundary,1403708,253670.5,6648822.8,r450,405693
B312,boundary,1413539,253674.8,6648606.8,r407,417262
B313,boundary,3073156,253697.76,6649102.02,r474,442161
B314,boundary,1917152,253701.3,6648746.84,r430,1917120
B315,boundary,1403102,253747.9,6649002.1,r343,405236
B316,boundary,2644213,253766.42,6648435.98,r494,2644074
B317,boundary,1400804,253785.9,6648789.2,r398,405404
B318,boundary,2814361,253796.73,6648989.149,r471,442130
B319,boundary,3317040,253809.399,6648658.361,r408,1917106
B320,boundary,1917150,253814.9,6648540.77,r399,1917119
B321,boundary,455165,253819.2,6648738.2,r318,405555
B322,boundary,2646755,253827.415,6649018.664,r469,2646891
B323,boundary,2736179,253830.359,6648633.609,r413,2736110
B324,boundary,455215,253860.9,6648797.0,r445,443324
B325,boundary,3643833,253863.1,6648791.52,r423,405474
B326,boundary,1917133,253871.77,6648527.65,r400,1917105
B327,boundary,1404997,253885.56,6648879.5,r460,417417
B328,boundary,2646753,253893.8,6649045.93,r472,2646890
B329,boundary,2736180,253909.246,6648639.926,r416,2736111
B330,boundary,2736199,253925.53,6648803.67,r439,3363840
B331,boundary,2736200,253940.87,6648666.9,r418,2736133
B332,boundary,3204079,253940.87,6648594.22,r406,3204083
B333,boundary,1409914,253975.589,6648614.112,r411,417780
B334,boundary,1411103,253985.4,6649128.76,r357,417880
B335,boundary,1241128,254037.65,6648775.99,r426,405557
B336,boundary,2644211,254046.29,6648643.08,r417,2644072
B337,boundary,2644212,254047.9,6648687.83,r421,2644073
B338,boundary,3921006,254058.16,6648911.656,r451,3921017
B339,boundary,1241081,254076.45,6648802.09,r312,405808
B340,boundary,2735705,254128.73,6649161.37,r358,2735727
B341,boundary,3966862,254152.593,6648976.268,r335,3966888
B342,boundary,1403385,254152.787,6649044.617,r352,405270
B343,boundary,1409913,254164.3,6648715.8,r425,417779
B344,boundary,1663682,254187.38,6649434.5,r397,1220490
B345,boundary,3606775,254193.841,6648813.052,r448,3606937
B346,boundary,2646825,254194.63,6649265.49,r362,3377249
B347,boundary,3606776,254213.254,6648789.513,r443,3606926
B348,boundary,2646695,254220.46,6649034.16,r348,2646831
B349,boundary,1240137,254225.1,6649335.6,r366,405237
B350,boundary,3966871,254262.832,6648992.805,r337,3966893
B351,boundary,3911172,254265.3,6648809.0,r322,417778
B352,boundary,3911171,254273.0,6648839.5,r322,417778
B353,boundary,2735706,254285.7,6649076.86,r355,2735728
B354,boundary,2736209,254286.3,6648723.9,r429,2736148
B355,boundary,1409912,254317.438,6648911.998,r322,417778
B356,boundary,2736204,254361.164,6648845.261,r313,2736139
B357,boundary,2736926,254364.452,6649372.037,r365,2736998
B358,boundary,1409911,254371.28,6648764.37,r435,417777
B359,boundary,3822485,254372.85,6648913.73,r330,3822524
B360,boundary,1409910,254381.117,6648900.429,r320,417776
B361,boundary,1411097,254412.19,6649142.75,r359,417875
B362,boundary,3832203,254421.025,6649439.949,r300,405329
B363,boundary,2814036,254468.58,6649261.78,r361,2813992
B364,boundary,2537594,254472.29,6648763.25,r315,2537713
B365,boundary,1240793,254479.11,6649383.61,r380,405178
B366,boundary,2735710,254508.18,6649278.99,r363,2735734
B367,boundary,3204434,254512.92,6648884.03,r323,3204451
B368,boundary,3643418,254584.36,6649171.242,r360,2646830
B369,boundary,3204435,254622.91,6648953.17,r329,3204452
B370,boundary,3606837,254636.114,6648861.174,r324,3606921
B371,boundary,1409909,254666.4,6648976.5,r336,417775
B372,boundary,456307,254720.978,6649589.886,r300,405329
B373,boundary,2737813,254770.42,6649646.35,r301,2737957
B374,boundary,2737811,254814.506,6649675.847,r304,2737955
B375,boundary,3606850,254818.6,6648750.03,r309,405335
B376,boundary,2537595,254824.06,6648992.3,r339,2537714
B377,boundary,2735709,254839.97,6649369.36,r283,2735732
B378,boundary,1411096,254846.6,6649333.6,r260,417874
B379,boundary,2735703,254869.25,6649414.19,r286,2735725
B380,boundary,2735702,254873.77,6649384.78,r285,2735724
B381,boundary,2537593,254886.74,6649034.16,r347,2537715
B382,boundary,2648107,254911.56,6649336.16,r280,2647998
B383,boundary,1405663,254967.7,6649768.4,r307,417466
B384,boundary,1915944,254969.3,6648781.2,r310,1915879
B385,boundary,2737812,254969.87,6649758.79,r308,2737956
B386,boundary,2735704,255018.68,6649646.92,r305,2735726
B387,boundary,456756,255020.04,6649241.466,r230,405346
B388,boundary,3580670,255033.21,6649335.99,r279,2648023
B389,boundary,1917132,255038.21,6649545.18,r299,1917116
B390,boundary,2648124,255085.06,6649696.48,r303,2648019
B391,boundary,2814409,255094.65,6649654.31,r302,2814273
B392,boundary,1413537,255108.06,6649491.35,r295,417260
B393,boundary,1915968,255116.11,6649077.16,r349,1915881
B394,boundary,456907,255136.2,6649867.8,r196,405313
B395,boundary,2537600,255137.76,6648783.29,r311,2537706
B396,boundary,3419447,255141.47,6649153.07,r224,3419451
B397,boundary,456926,255144.12,6649302.46,r263,417781
B398,boundary,2737810,255158.987,6649740.723,r306,2737954
B399,boundary,3197473,255187.37,6648991.21,r338,3197474
B400,boundary,1404989,255193.7,6649158.8,r220,417409
B401,boundary,2648119,255230.97,6649790.04,r160,2648014
B402,boundary,1402056,255237.5,6649523.4,r101,405147
B403,boundary,3606812,255259.307,6648832.1,r314,2537702
B404,boundary,2648121,255260.52,6649795.19,r165,2648016
B405,boundary,3204383,255273.85,6649696.41,r144,3204423
B406,boundary,2648117,255282.64,6649822.45,r171,2648012
B407,boundary,2537552,255287.35,6648823.01,r314,2537702
B408,boundary,3204439,255311.73,6649259.39,r251,3204457
B409,boundary,3204382,255318.26,6649725.7,r152,3204422
B410,boundary,1405661,255349.3,6649837.4,r179,417464
B411,boundary,1915961,255389.14,6649278.51,r248,1915897
B412,boundary,1405660,255393.33,6649881.8,r190,417463
B413,boundary,1663687,255399.33,6649398.85,r282,1220540
B414,boundary,3831714,255407.41,6649139.43,r223,405979
B415,boundary,1413538,255460.0,6649672.4,r136,417261
B416,boundary,2647293,255473.53,6649346.52,r252,2647317
B417,boundary,2648118,255477.22,6649935.38,r195,2648013
B418,boundary,2648112,255505.53,6649721.26,r156,2648004
B419,boundary,2648123,255511.69,6649941.25,r199,2648018
B420,boundary,1405659,255513.51,6649919.59,r198,417462
B421,boundary,2648122,255562.52,6649954.67,r201,2648017
B422,boundary,2815727,255573.704,6649633.993,r129,2654745
B423,boundary,3920991,255574.148,6649443.429,r241,3921014
B424,boundary,3921004,255578.032,6649435.082,r239,3921015
B425,boundary,3069705,255602.0,6649658.9,r133,417546
B426,boundary,2648116,255610.12,6649794.47,r177,2648011
B427,boundary,2814046,255627.017,6649087.646,r217,444870
B428,boundary,2814044,255639.975,6649087.367,r216,446458
B429,boundary,2735707,255642.645,6649867.892,r197,2735730
B430,boundary,457714,255670.769,6649069.192,r073,405162
B431,boundary,3204438,255696.92,6649314.32,r259,3204456
B432,boundary,2814041,255698.07,6649844.25,r186,2813983
B433,boundary,2735708,255717.934,6649949.387,r204,2735731
B434,boundary,2791526,255735.658,6650358.846,r115,2659404
B435,boundary,2647283,255742.26,6649145.84,r225,2647302
B436,boundary,2648115,255755.97,6649811.39,r176,2648007
B437,boundary,1414216,255756.4,6649892.8,r193,418116
B438,boundary,1406392,255770.012,6649384.159,r278,417530
B439,boundary,3067119,255784.789,6650375.946,r113,2659403
B440,boundary,2648114,255790.58,6649860.5,r182,2648006
B441,boundary,3963200,255791.782,6650081.836,r191,443839
B442,boundary,2648111,255796.14,6649866.81,r184,2648003
B443,boundary,1413542,255800.8,6649556.0,r077,417265
B444,boundary,2735722,255801.22,6649483.51,r089,2735762
B445,boundary,1402052,255801.5,6649686.8,r140,405137
B446,boundary,2647282,255813.87,6649183.46,r227,2647301
B447,boundary,3966848,255822.156,6650057.1,r211,417075
B448,boundary,2647278,255855.73,6649455.06,r075,2647299
B449,boundary,2647292,255867.94,6649191.18,r233,2647316
B450,boundary,1411062,255878.5,6650093.8,r209,417068
B451,boundary,2647286,255894.107,6649336.618,r281,2647305
B452,boundary,458025,255896.8,6649114.3,r078,405168
B453,boundary,2648138,255899.28,6649823.61,r183,2647996
B454,boundary,2647285,255899.93,6649504.96,r100,2647304
B455,boundary,1240941,255900.79,6649926.84,r205,417069
B456,boundary,2648139,255902.98,6649708.51,r127,2648033
B457,boundary,3175371,255930.716,6649258.57,r245,3175365
B458,boundary,3175372,255947.94,6649254.36,r246,3175366
B459,boundary,2672675,255955.63,6649971.69,r042,2672734
B460,boundary,2647277,255960.68,6649487.58,r079,2647298
B461,boundary,2672681,255966.888,6649980.893,r047,2672741
B462,boundary,3748408,255967.097,6650053.052,r060,2745382
B463,boundary,3748456,255991.226,6649931.477,r034,2672710
B464,boundary,3748412,255998.702,6650059.061,r066,2672711
B465,boundary,2672660,256000.93,6649955.14,r040,2672716
B466,boundary,1413555,256005.62,6649254.1,r242,417281
B467,boundary,3204442,256019.259,6649152.444,r221,405091
B468,boundary,1239592,256033.2,6649351.7,r072,405160
B469,boundary,3605685,256070.813,6649930.263,r203,3605691
B470,boundary,458269,256081.8,6649253.5,r068,405112
B471,boundary,3822553,256116.85,6649873.27,r192,3822567
B472,boundary,3152373,256133.02,6650070.87,r067,3152351
B473,boundary,2745085,256214.898,6650066.857,r064,2672717
B474,boundary,627936,256219.871,6650135.168,r030,604669
B475,boundary,2647279,256226.98,6649445.0,r083,2647321
B476,boundary,2672642,256258.098,6650054.941,r059,2672689
B477,boundary,2672673,256269.26,6650005.66,r054,2672731
B478,boundary,458449,256273.8,6649336.2,r071,405788
B479,boundary,3034413,256301.14,6650028.33,r057,3034353
B480,boundary,1412365,256309.24,6649677.11,r139,417964
B481,boundary,1412366,256334.8,6649629.5,r096,417965
B482,boundary,3770689,256334.95,6649980.22,r046,3770708
B483,boundary,2672485,256353.511,6650038.315,r062,2672336
B484,boundary,2745265,256353.927,6649938.128,r036,2745383
B485,boundary,3770690,256373.65,6649974.92,r043,3770711
B486,boundary,2672480,256384.237,6649911.76,r031,2672331
B487,boundary,2745266,256394.021,6649952.815,r037,2745384
B488,boundary,1935604,256398.56,6650038.2,r061,1935559
B489,boundary,2672664,256407.49,6649593.79,r002,2672720
B490,boundary,3287849,256409.37,6649660.98,r004,3287886
B491,boundary,2672486,256415.019,6649988.97,r045,2672337
B492,boundary,1471815,256423.6,6650126.5,r056,615316
B493,boundary,2672481,256429.56,6649903.93,r032,2672332
B494,boundary,2052694,256444.474,6649530.376,r001,2052506
B495,boundary,2672663,256445.21,6649754.21,r011,2672719
B496,boundary,2672520,256471.846,6649922.572,r035,2672373
B497,boundary,2672483,256475.074,6649993.977,r050,2672334
B498,boundary,2672482,256480.034,6649951.892,r039,2672333
B499,boundary,2672672,256482.733,6649685.679,r007,2672729
B500,boundary,2672521,256484.69,6649884.522,r028,2672374
B501,boundary,2672517,256492.443,6650026.458,r055,2672370
B502,boundary,3848761,256498.36,6649646.84,r006,3029197
B503,boundary,628158,256504.6,6650003.1,r052,606145
B504,boundary,4087858,256536.229,6649852.314,r015,625751
B505,boundary,628188,256540.9,6649833.1,r016,625349
B506,boundary,628194,256548.0,6649831.7,r010,604008
B507,boundary,3748853,256555.41,6649817.99,r014,615309
B508,boundary,2672625,256562.641,6649614.312,r003,2052507
B509,boundary,4087854,256582.309,6649856.181,r012,626896
